Date,Open,High,Low,Last,Close,Volume,Turnover (Lacs)
2017-08-28,575.5,581,570.55,573,574.1,905222,5219.2
2017-08-24,559,575.75,557.3,575.55,574.05,1866440,10617.68
2017-08-23,561.7,565,556.65,557.65,559.15,848822,4761.43
2017-08-22,562.05,567.65,558,560.4,559.25,848353,4772.55
2017-08-21,566.9,570,555.15,561.35,561.75,1222907,6854.23
2017-08-18,573.4,575.8,560.2,564.9,565.3,1680225,9516.51
2017-08-17,593.4,594,569.9,574,573.2,1422631,8264.28
2017-08-16,569.5,593.7,561.05,591.5,590.45,1838012,10631.41
2017-08-14,560,576,552.1,569.5,570.05,4029605,22916.22
2017-08-11,545,563.7,525.45,549.7,541.4,4337214,23631.87
2017-08-10,560,569.85,541.5,546.85,548.2,1217416,6779.39
2017-08-09,581,581,557.25,558,561.85,1801630,10219.68
2017-08-08,560.8,580,560.8,579.8,578.6,1367344,7827.2
2017-08-07,566.5,571.1,553,565.2,566.5,769606,4350.91
2017-08-04,551.9,571.7,543.05,568.3,568.7,1004233,5614.56
2017-08-03,568.55,575,553.8,555,557.15,1065451,6036.98
2017-08-02,562.85,570.9,560,567.5,568.55,664681,3758.63
2017-08-01,560.1,565.9,558.5,562.85,562.45,712732,4005.1
2017-07-31,567.55,568.95,556.8,561.9,560.1,753415,4220.59
2017-07-28,566.75,570.9,556.5,566.8,566.1,907951,5120.86
2017-07-27,573.7,579.4,565,566.9,568.7,1853099,10568.04
2017-07-26,564.7,577.45,563.5,574.6,575.45,864728,4929.51
2017-07-25,571,571.4,562.4,565,564.4,510032,2882.59
2017-07-24,564,575.5,562.1,570,569.75,873677,4988.84
2017-07-21,570,570,560.15,565.95,566.2,672906,3797.26
2017-07-20,569,577,562.65,570,571.9,1090882,6245.33
2017-07-19,560.2,569.45,560.2,567.8,568.25,761444,4316.67
2017-07-18,558,567,555.1,559.25,559.75,1319574,7415.72
2017-07-17,549,559,546.7,558,556.5,692893,3826.86
2017-07-14,544.25,551.15,540.85,547.65,548.05,960041,5255.66
2017-07-13,540.2,544.45,538.85,543.55,543.65,694180,3762.72
2017-07-12,539.45,543.5,537,539.05,539.95,1039208,5608.18
2017-07-11,550.5,552.65,536.05,539.5,538.45,1526837,8247.74
2017-07-10,550,551.95,546,548.75,549.2,123415,678.35
2017-07-07,542.6,552,541.5,545.5,547.15,893680,4906.67
2017-07-06,546.35,547.9,540.1,543,542.85,556426,3031.41
2017-07-05,546.1,547.8,541.45,546.35,545.9,833105,4542.43
2017-07-04,557.7,558,543.3,544.15,545.05,559358,3077.99
2017-07-03,559,559.9,548.85,552.5,551.85,490390,2715.19
2017-06-30,545,558.9,542.5,557.6,555.6,830751,4588.73
2017-06-29,538.45,546.95,534.25,546.9,543.75,1252382,6768.65
2017-06-28,535.4,538.65,531,536.65,536.85,601643,3219.5
2017-06-27,542.5,551.6,533.1,534.9,534.65,1038604,5603.66
2017-06-23,540.9,544,538.3,542.45,541.15,603986,3267.83
2017-06-22,540,545.55,539.05,540.15,540.15,750732,4066.21
2017-06-21,544.5,546,535.2,539.9,541,784293,4229.77
2017-06-20,539.75,549.5,536,547.5,547.85,774728,4219.93
2017-06-19,537.1,542.5,524,541.2,539.75,1723168,9140.99
2017-06-16,548,551.95,535.05,535.05,536.75,1127326,6087.56
2017-06-15,539.7,550.9,537.05,548,549.45,826366,4512.72
2017-06-14,551.5,554.5,536.35,539.15,539.9,1176535,6380.14
2017-06-13,553.35,555,546.55,550.45,551.55,946713,5235.63
2017-06-12,549,555.2,544.55,551.7,553.35,910344,5016.46
2017-06-09,554.5,555.8,545.25,549.05,551.1,867969,4774.91
2017-06-08,538.75,554.7,537.1,549.15,550.15,1396596,7656.58
2017-06-07,536.4,543.45,530.7,538.1,540.2,719071,3874.89
2017-06-06,537.7,539.55,522.35,537,534.65,765557,4057.95
2017-06-05,531.3,536.7,528,534.95,534.8,802335,4280.98
2017-06-02,517.7,533.9,517.7,531.3,530.05,2152367,11401.69
2017-06-01,519.7,529.9,513.05,514.6,515.55,1433241,7436.49
2017-05-31,514.8,520.1,505,519.4,516.35,1366315,7022.25
2017-05-30,504.8,517.6,501.4,510,510.5,1047968,5368.65
2017-05-29,492,507.5,488.9,505.95,505.35,4118338,20441.66
2017-05-26,483,504.75,480.2,491.25,488.9,7010307,34310.16
2017-05-25,522,525,496.4,504.7,504,4378940,22136.74
2017-05-24,531,536.35,514,521.3,519.65,1340656,7007.53
2017-05-23,558.6,558.8,531.25,532.95,533.2,1225772,6595.98
2017-05-22,567,567.7,553.1,555.75,563.1,948063,5339.97
2017-05-19,561.3,566.65,558.65,564.2,564.95,685662,3852.49
2017-05-18,559.3,564.95,556.8,560.9,560.1,2155599,12074.77
2017-05-17,565.1,566,560.05,561.05,562.35,895238,5031.28
2017-05-16,566.65,570,564,565.7,565.6,330195,1868.5
2017-05-15,567,572.45,561,566.65,569,606569,3446.36
2017-05-12,560.1,569.85,557.15,565.05,567.95,725246,4109.84
2017-05-11,562.45,565,558.3,559.45,561.95,566621,3182.35
2017-05-10,552.85,562.55,551.25,561.7,561.05,718502,4019.34
2017-05-09,552,554,545.05,552.95,552.95,652189,3578.65
2017-05-08,549.95,554.8,546.5,551,551.55,302450,1666.07
2017-05-05,549,554.4,544.15,548.5,549.95,560799,3074.19
2017-05-04,557.6,557.6,548.2,550.35,549.95,1271612,7004.55
2017-05-03,554.6,558.35,553.2,555.6,556.05,798476,4434.18
2017-05-02,558,559,553.8,556.1,555.35,1380964,7673.47
2017-04-28,561.95,561.95,555,556.1,557.45,865584,4822.06
2017-04-27,560,564.8,555.05,563.7,561.7,2343761,13131.1
2017-04-26,549.8,561,545.4,560,556.75,1425158,7845
2017-04-25,556.95,561.6,550.3,551.8,552.95,1543039,8573.35
2017-04-24,565,565.1,553.65,556.95,557.05,1997176,11111.01
2017-04-21,573,574,562.7,565,564.45,1256922,7120.22
2017-04-20,576,577.2,573.3,574.2,574.05,1339006,7699.87
2017-04-19,576,577,572.75,575.95,575.4,1078477,6205.93
2017-04-18,576.5,578.25,573.25,576.4,575.8,1062574,6117.88
2017-04-17,580,580,573.05,577,576.5,487497,2809.42
2017-04-13,580.5,582.95,574.7,578.4,577.25,1038273,5997.23
2017-04-12,575,582,570.65,578.65,579.4,1188457,6834.23
2017-04-11,590,591.65,575.1,580,580.05,2103296,12276.43
2017-04-10,591,594.2,588.25,590.3,589.65,1177737,6950.62
2017-04-07,590.35,593.45,585.15,590.8,590,1958876,11539.4
2017-04-06,591.5,593.65,587.05,590.35,590.3,1436914,8467.6
2017-04-05,600,603.9,590.45,592,593.05,1926049,11442.58
2017-04-03,595.3,595.3,590.1,593,592.65,758083,4489.72
2017-03-31,598,598.9,591,595,592.95,2242680,13293.05
2017-03-30,594.5,600.85,591.8,600.5,598.35,2096305,12490
2017-03-29,595,596.55,591.9,594.95,593.15,1047812,6217.57
2017-03-28,592,596,591.45,594.5,594.15,772698,4589.4
2017-03-27,597,597,590,592.7,592.1,1038435,6149.8
2017-03-24,595,598.25,591.5,594,593.95,930175,5522.45
2017-03-23,595.8,598.2,582.2,594.2,596.25,1555876,9238.12
2017-03-22,588.9,598.45,587.9,595.5,595.2,1018355,6051.1
2017-03-21,598.5,598.5,590.3,591,591.85,861663,5107.62
2017-03-20,597.5,601.5,593.45,596.15,596.3,1027093,6137.87
2017-03-17,604.5,604.5,594.25,597.7,597.3,2189719,13087.32
2017-03-16,605.1,605.9,598.05,601,601.4,852049,5123.6
2017-03-15,602,605.85,598.55,600,600.2,1479366,8888.8
2017-03-14,597,601.5,590.35,600,600.2,1324778,7903.95
2017-03-10,589.2,591.5,587.05,588.9,589.1,558480,3294.5
2017-03-09,588.8,593.45,585.25,587.1,589.2,690612,4070.21
2017-03-08,591.75,593.35,583.05,590,591.85,1055453,6230.26
2017-03-07,591.7,591.7,586.1,588,588.05,475240,2795.97
2017-03-06,592,595,588.2,589.05,590.1,943409,5571.86
2017-03-03,588.95,596.7,585,588.1,588.6,759454,4480.98
2017-03-02,588.3,591.95,586.4,590.25,589.25,1571599,9260.1
2017-03-01,585.7,592.9,584.2,586.25,586.3,808027,4756.91
2017-02-28,587.7,592.8,582.6,583.8,583.7,749802,4390.96
2017-02-27,592,594.9,581.35,585.05,585.25,867683,5091.21
2017-02-23,589.3,594.2,586.05,591,592.4,1263865,7482.2
2017-02-22,592.2,592.9,586,587.35,589.25,942703,5554.02
2017-02-21,591.9,595,588.5,592.9,593.1,712028,4214.78
2017-02-20,593.2,597.75,582,591.8,592.75,1008015,5961.98
2017-02-17,585.9,596.45,580.65,593,593.25,1209276,7151.01
2017-02-16,575,585.4,574.5,584.05,584.6,1156826,6712.45
2017-02-15,577.5,578.65,571.15,574.75,574.25,1441907,8277.37
2017-02-14,582,586.6,574.1,576.2,576.05,816754,4730.36
2017-02-13,582.7,585.4,576.05,581.05,582.65,946922,5498.7
2017-02-10,592,593.75,576.8,579.55,579.95,1485266,8648.32
2017-02-09,611,611.55,584.45,589,587.65,4192748,25060.11
2017-02-08,600,609,597.75,603.9,603.2,2122225,12815.45
2017-02-07,601.8,608,594.6,597.1,597.55,1084820,6521.71
2017-02-06,610.35,621.25,599.1,599.95,601.6,2513820,15303.13
2017-02-03,584.3,611.5,580.4,608.7,607.9,2491068,15032.27
2017-02-02,575,587,567.05,584.7,584.35,1033116,5999
2017-02-01,573,579.25,566.3,575.95,572.15,873328,5003.05
2017-01-31,581.55,583,572.6,574.1,575.35,712955,4129.37
2017-01-30,578.7,584.55,577.15,581.55,582.25,589553,3430.34
2017-01-27,584.7,591.4,579.45,580.1,580.15,622149,3617.39
2017-01-25,581.25,588.85,577.65,584.3,585.65,888914,5185.75
2017-01-24,574.7,581.3,574.1,578.6,579.9,527089,3047.67
2017-01-23,574.45,583.45,573,574.45,575.75,1197343,6903.72
2017-01-20,583.8,592.5,574.4,576.05,577.6,1100568,6432.39
2017-01-19,582.3,587.4,573.35,580.9,580.35,772657,4479.06
2017-01-18,588.8,593.4,577.35,579.75,580.8,591422,3469.93
2017-01-17,590.5,592,581.2,587.5,587.25,737937,4319.31
2017-01-16,577.4,592,577.4,589.9,588.8,634510,3725.59
2017-01-13,587,589.1,579.45,583,583.4,557024,3255.17
2017-01-12,573.95,587.8,567.3,585.15,586.25,1086059,6305.6
2017-01-11,576.95,579,569.5,578,576.95,543706,3123.61
2017-01-10,577.5,582.9,573.6,573.7,574.9,430654,2486.77
2017-01-09,583.55,588.95,574.9,576.75,576.7,545949,3177.26
2017-01-06,580.05,591,577.2,582,582.85,851729,4955.97
2017-01-05,570.2,581.5,569.3,578.75,579.85,919562,5298.04
2017-01-04,572.95,576,567.5,568,568.25,729355,4155.85
2017-01-03,566.8,576.8,562,571.15,573.65,626867,3575.58
2017-01-02,569.75,572.45,563.25,565.25,566,520139,2951.55
2016-12-30,565.6,573.45,565.6,567,568.8,673901,3840.93
2016-12-29,563.1,569,562.75,568.9,564.85,985947,5570.16
2016-12-28,567,572,560.8,563,562.4,743252,4211.43
2016-12-27,559,566.2,555.15,563.05,563.65,1063407,5988.52
2016-12-26,581.3,581.3,548.1,555.3,554.95,2106357,11778.12
2016-12-23,561,589.15,552,581.95,582.3,2585856,14814.93
2016-12-22,562.3,565.95,560,562,561.4,1870565,10496.25
2016-12-21,565,567.4,561.9,562.5,562.8,743830,4195.96
2016-12-20,572.85,573.8,562,564.9,563.1,873053,4943
2016-12-19,565,574.5,561.4,568,569.15,997716,5682.16
2016-12-16,562.9,569.9,561.35,564.1,566.2,665505,3761.52
2016-12-15,568,576.55,559.1,564,563.15,1032429,5845.63
2016-12-14,579,579.65,564.25,568,568,585671,3340.82
2016-12-13,574.1,581.2,570.5,578.5,578.85,553306,3190.39
2016-12-12,576.4,582,572.6,575,574.8,848042,4901.72
2016-12-09,586,586,576.45,576.75,578.9,539344,3128.18
2016-12-08,573.5,583.9,570.2,583,582.75,1177494,6820.17
2016-12-07,577.45,577.6,569.4,572,570.85,694556,3985.94
2016-12-06,575,580.45,570.95,575,574.85,779936,4489.18
2016-12-05,573.5,581.4,571.35,573.1,573,1158108,6673.29
2016-12-02,566,573.9,566,570.8,571.2,984594,5616.56
2016-12-01,567,579.85,566.1,568.75,568.2,1064251,6089.74
2016-11-30,570,573.25,563.5,564.95,566.6,1366319,7754.49
2016-11-29,573,573.95,564.3,569.5,569.15,832424,4737.34
2016-11-28,569.3,577,568.05,572.4,570.55,1224023,7007.99
2016-11-25,557,569.95,548.5,567,565.05,1022658,5746.77
2016-11-24,551.4,558.3,545.05,556.95,553.65,1816603,10039.01
2016-11-23,554.9,559.4,547.15,552,552.8,1520986,8408.41
2016-11-22,547.1,559.35,543.5,550.65,550.5,1300502,7185.83
2016-11-21,550,555.35,542.1,544.5,545.1,1056778,5768.79
2016-11-18,541.2,555.65,541.2,549.3,550.95,1214083,6675.66
2016-11-17,539,549.35,536.1,545,545.7,924167,5040.38
2016-11-16,562,564.85,535.5,536,538.15,1169205,6374.53
2016-11-15,547.6,561.05,528.6,553,552.4,1505372,8206.25
2016-11-11,559.7,564,545.25,547.5,547.95,1232505,6821.71
2016-11-10,545,568,545,567.85,563.7,3982787,22286.22
2016-11-09,512.1,532,486.55,524.6,526.3,3810958,19920.85
2016-11-08,549.7,550.9,530.2,535.45,535.3,1015538,5455.07
2016-11-07,549.5,555.75,544,545.55,545.75,939497,5157.92
2016-11-04,556.1,565.5,538,544,544.7,1517311,8349.9
2016-11-03,556,563.8,556,560.65,560,701598,3929.65
2016-11-02,569.95,569.95,557.55,558.55,560.1,806345,4542.95
2016-11-01,579.45,579.45,570.1,570.5,571.75,880843,5049.54
2016-10-30,578.65,580.6,575.4,577.25,578.75,104038,601.74
2016-10-28,585.5,586.85,573.7,575,575.15,911117,5259.23
2016-10-27,578,588,570.5,582.3,585.75,779140,4537.64
2016-10-26,583,584.9,575.15,578.05,577.65,814132,4722.04
2016-10-25,586,594.5,582.7,584,584.5,831989,4885.75
2016-10-24,585,594.4,582,586,584.7,992033,5817.6
2016-10-21,597.5,597.5,570,584.1,583.25,1792780,10395.75
2016-10-20,596.5,600.5,593.8,596.05,596.6,913371,5449.97
2016-10-19,591.2,598.8,591.2,596.35,596.35,1001409,5968.64
2016-10-18,587,594,582.25,591,592.75,1213156,7150.2
2016-10-17,589,592.05,583.65,586.5,586,1344977,7897.21
2016-10-14,584.75,590,583,588,587,1054501,6195.82
2016-10-13,596.95,599,580.5,583,582,3834775,22554.37
2016-10-10,570.25,584.4,570.25,581.4,580.65,929998,5396.41
2016-10-07,578.85,583.4,566.5,572,570.05,1317543,7537.75
2016-10-06,592.5,596.8,576.85,578,578.8,1504743,8815.82
2016-10-05,600,600.15,590,590.5,591.65,961556,5713.95
2016-10-04,590.3,603.85,590.3,599.35,597.8,1656807,9880.85
2016-10-03,584.7,591.7,582.2,590.5,588.85,1146677,6729.01
2016-09-30,601.85,603.9,562.25,579.7,580.05,6967821,40393.04
2016-09-29,608,611,585.75,604,602.85,2252434,13523.47
2016-09-28,608.7,612.4,602.25,606.5,605.8,1561039,9468.69
2016-09-27,604,610.3,601.85,606.45,607.2,1443938,8776.82
2016-09-26,609,615,603,607.5,604.5,1796225,10917.2
2016-09-23,609,617.8,604.7,611.05,611.55,1225528,7515.77
2016-09-22,605,610.95,603.9,609.4,609.1,1926725,11715.26
2016-09-21,602.85,607,597.1,600.6,601.35,1578461,9500.98
2016-09-20,598.7,607.5,596,602.15,602.85,2209606,13317.58
2016-09-19,594.9,600,593.25,597.5,597.8,1213754,7247.22
2016-09-16,587.1,596,586.1,592.75,593.55,2145891,12692.17
2016-09-15,579,591,576.85,585.95,585.4,1294197,7593.39
2016-09-14,570,583.7,569.8,579,577.5,1579482,9132.41
2016-09-12,572.2,579.2,562.3,570.5,570.1,1296182,7435.11
2016-09-09,595.1,595.6,578,581.45,580.5,1513978,8870.51
2016-09-08,581.2,598.4,581.2,594.5,595.15,1573263,9298.11
2016-09-07,580.05,585.95,575.1,582.05,580.75,1786522,10396.31
2016-09-06,585,586.3,576,578.15,578.6,1189215,6884.75
2016-09-02,580.3,581.1,571.5,578,577.95,880437,5067.67
2016-09-01,575,581.3,571,578,579.15,960422,5533.45
2016-08-31,581.05,587.5,570,574.55,572.95,3596264,20773.6
2016-08-30,570,581.45,567.7,580.3,576.1,1075723,6159.93
2016-08-29,568.3,570.35,562.9,569.3,568,1085860,6138.7
2016-08-26,567.5,571.7,562.35,567.2,567.25,2196070,12489.7
2016-08-25,570,574.55,560,561.6,562.9,3471437,19701.07
2016-08-24,559.8,572,553.85,566.9,567.2,2340210,13270.05
2016-08-23,557.6,557.75,552.05,555,555.65,874783,4854.27
2016-08-22,557,564.9,552.3,557.25,557.6,1218782,6808.4
2016-08-19,552.85,560.55,552.5,556,556.8,1598177,8906.53
2016-08-18,553.7,557.5,548,551.05,552.65,1434412,7927.5
2016-08-17,552,564,547.2,549.3,549.85,3819727,21191.58
2016-08-16,510.2,557.55,510.2,554,554.15,8817547,47595.04
2016-08-12,524,526.4,512.1,512.9,515.95,2124886,11007.66
2016-08-11,521.5,525.5,517.9,524.45,523.95,761596,3977.33
2016-08-10,532.5,533.95,519.5,520.95,521.25,809814,4251.7
2016-08-09,537.8,540,530.15,532,532.95,886532,4737.91
2016-08-08,533.9,541.2,531.95,535,535.4,852842,4579.59
2016-08-05,530.9,534.6,527.25,531.9,533.25,699384,3713.64
2016-08-04,531.2,534,523,527.95,526.95,1564658,8276.45
2016-08-03,517,534.9,515.3,527.9,529.45,1846161,9749.06
2016-08-02,525.1,529.95,516.2,519.9,517.9,1009436,5279.1
2016-08-01,528.8,535,521.5,525.1,524.05,955999,5040.52
2016-07-29,522.4,535.5,520,528.25,527.4,1785352,9465.85
2016-07-28,523.9,527.95,519,520.1,520.65,1347889,7038.25
2016-07-27,523,529.15,516.95,523.35,523.15,894972,4677.74
2016-07-26,527.5,530.15,521.75,525,523.55,2105457,11106.51
2016-07-25,514.05,526.5,513,524.4,524.6,1337348,7004.11
2016-07-22,516,522.9,512.35,522.35,520.4,1188747,6157.72
2016-07-21,522.5,526.95,514,514.7,515.85,2274652,11857.37
2016-07-20,507.45,519.4,505.25,518.45,517.85,3584904,18285.44
2016-07-19,507,510.4,500.55,507.15,505.8,1027246,5198.99
2016-07-18,517.05,517.3,505.3,506.8,506.95,1459230,7457.79
2016-07-15,513.95,518.9,510.2,516.1,516.4,1004156,5178.1
2016-07-14,515.9,516.6,507,511.05,511.95,1257722,6428.74
2016-07-13,516,519.45,511.2,514.3,514.6,1202156,6193.12
2016-07-12,522.5,522.9,514.1,515.4,515.7,891315,4602.37
2016-07-11,525.4,528.25,520,520.9,522,1441960,7541.61
2016-07-08,518,522.45,513.05,521.05,520.3,1828792,9488.42
2016-07-07,505.5,517.35,504.05,517.1,514.3,2078580,10657.74
2016-07-05,510.2,511.1,502.7,507.25,507,689915,3495.9
2016-07-04,510.7,513.4,508.1,510,510.2,1055119,5390.11
2016-07-01,502,510,499.85,509.4,508.6,1008068,5102.56
2016-06-30,505,506.8,499.45,500.8,501,2152521,10828.19
2016-06-29,498.8,504,496.05,501.6,502.45,1048438,5259.55
2016-06-28,490,499,486.55,496.55,497.35,1775304,8765.48
2016-06-27,475,491,474,490.6,489.05,2362093,11333.91
2016-06-24,468,478,459.6,476.5,476.55,1875935,8818.52
2016-06-23,481.1,483,474.65,476,475.75,1918112,9149.34
2016-06-22,483.85,486.5,480,482.9,482.45,673949,3251.88
2016-06-21,490,490,480.3,482,483.4,861422,4172.36
2016-06-20,486.65,490.9,482.55,488.1,488.25,1026672,5008.68
2016-06-17,487,490,484.05,484.15,486.45,593507,2891.36
2016-06-16,487.8,488.85,479.35,485.5,486.65,1239939,6006.39
2016-06-15,485.9,492.55,483.8,488,490.05,1860880,9094.47
2016-06-14,470.1,484,469.55,483,482.7,2522251,12063.98
2016-06-13,474.95,479.9,465.55,468.4,468.7,1271568,5981.68
2016-06-10,475,486.6,474.5,477.9,476.45,1704257,8194.23
2016-06-09,473.55,481.95,469.1,479.95,479.1,1695845,8095.49
2016-06-08,471.85,474,468,473,472.15,811331,3825.84
2016-06-07,466.65,471.9,466.65,468.05,468.35,1797918,8438.31
2016-06-06,468.95,471.5,465.4,467,466.65,1409144,6604
2016-06-03,470.5,473.95,462.3,463.9,465.2,1318109,6181.65
2016-06-02,464.45,470,459,467.65,468.1,1354914,6302.94
2016-06-01,474.7,474.7,462.75,463,464.9,1247617,5861.92
2016-05-31,475.4,479.25,471,472.45,472.65,2368362,11228.91
2016-05-30,476.95,478.5,470,473.6,473.55,1183625,5617.25
2016-05-27,470.9,478.5,469.1,473.45,473.45,2638981,12502.95
2016-05-26,472.7,473.9,466,468.85,467.95,4432025,20774.9
2016-05-25,480,480,457.45,472.2,469.8,15183389,71096.05
2016-05-24,499.95,505.2,491.55,495,494.05,2526624,12593.56
2016-05-23,510,510,494.8,495.1,497.4,2021694,10141.9
2016-05-20,514.3,515.25,501.2,506.8,507.1,1700932,8610.52
2016-05-19,524.1,525.9,510.2,512.05,512.7,1062398,5488.71
2016-05-18,522.55,526.75,520.05,524.15,524.55,653047,3415.84
2016-05-17,523,528.65,522.5,524,523.75,679688,3568.43
2016-05-16,533.85,533.85,520.35,521.9,521.8,883516,4636.41
2016-05-13,534.45,538.7,530.05,530.2,531.7,891484,4748.95
2016-05-12,536.95,542.45,534.35,535.2,536.3,670055,3609.7
2016-05-11,532,539.5,530.75,535.15,536.6,943441,5058.86
2016-05-10,537,539.5,532.75,535.7,537.05,669096,3586.11
2016-05-09,538.3,540.2,533.25,536.45,536.55,727957,3905.54
2016-05-06,540,542.75,535.1,537.3,537.35,511789,2751.78
2016-05-05,535.5,544,533.5,543.05,541.8,1025103,5530.04
2016-05-04,534,541.35,529,532.2,533.2,785756,4210.08
2016-05-03,540,547,526.55,536.05,536.85,1524809,8224.23
2016-05-02,536.95,544.6,535,538.95,540.65,1336667,7238.57
2016-04-29,527.2,538.4,527.1,537.5,537,932705,4989.99
2016-04-28,538.9,543.75,525,530.1,528.25,3088525,16430.26
2016-04-27,539.5,544.3,534.5,539,540.2,1456338,7853.15
2016-04-26,524.65,542.25,524.15,537.8,540.5,1855477,9928.8
2016-04-25,532.5,533.85,523.5,527,526.5,1959119,10312.12
2016-04-22,529.7,536.55,527,531.05,531.35,1880283,10017.87
2016-04-21,530,534,526.6,529.25,532,3392813,17990.67
2016-04-20,525,530.4,519.25,527,527.2,2898556,15251.97
2016-04-18,515,525.7,507.1,524.2,524.1,3507933,18256.39
2016-04-13,505.15,515,504,511.9,511.9,3642720,18541.36
2016-04-12,502.7,508.85,499.7,502.25,501.95,3622355,18307.5
2016-04-11,505.5,506,497.05,503,502.15,2929584,14651.59
2016-04-08,509.8,510.6,503.25,505,504.45,1262329,6393.28
2016-04-07,505.75,513.05,501.7,507,506.4,2102922,10698.3
2016-04-06,503.35,507.5,497,505.75,504.95,1820374,9118.65
2016-04-05,513,516,501.45,503.25,503,1086907,5522.57
2016-04-04,519,519,512.15,512.9,514.3,768318,3957.97
2016-04-01,513.8,517.3,510,514,514.55,1239447,6379.72
2016-03-31,513,518,507.9,513.9,511.95,3086978,15839.07
2016-03-30,506.95,516.5,502.5,515.55,512.35,4372138,22175.4
2016-03-29,521.05,525,494.55,502.65,503.5,6503207,33015.14
2016-03-28,536.3,537.35,522.1,524.5,524.2,1947564,10297.77
2016-03-23,534.8,536.3,525.55,532.7,532.8,1361735,7245.84
2016-03-22,537.5,539,531.05,536.75,535.3,1529194,8164.26
2016-03-21,530,538.4,527.5,536.3,535.85,1221223,6509.29
2016-03-18,529,530.05,517.5,528.95,528.25,4345885,22832.77
2016-03-17,536.3,537,521.55,524,524.55,2100095,11122.19
2016-03-16,524.9,534.8,516.2,533.75,531,2221318,11662.84
2016-03-15,538.6,539,522,524.9,525.05,2961527,15681.75
2016-03-14,538,543.75,530.1,537.55,537.6,3909833,21023.01
2016-03-11,534.5,538.55,530.95,534.3,534.6,2806975,15015.78
2016-03-10,530.2,540.2,530,533.95,533.95,3609343,19276.87
2016-03-09,533.85,535,521.35,527.95,529.3,4376676,23051.75
2016-03-08,539.8,549.7,528.8,533.95,532.35,1409496,7579.59
2016-03-04,533.7,545.6,530.25,538,537.7,2693406,14548.22
2016-03-03,530,531,523.4,527.25,527.1,3101778,16343.08
2016-03-02,523.5,532,519.4,526.6,525.6,3422308,17967.15
2016-03-01,515,521.4,509.6,516.45,516.35,2146110,11086.28
2016-02-29,528,528,505,512.05,514.15,3487816,17935.25
2016-02-26,522.85,527.75,519,525.15,524,1985528,10402.6
2016-02-25,518,521.8,510,519.95,519,2723564,14114.7
2016-02-24,522.2,523.05,510.5,516.9,513.95,1836770,9456.99
2016-02-23,531.9,532.9,517.5,523.05,522.6,1047760,5492.96
2016-02-22,529.35,531.85,525,530.1,530.5,1236400,6550.94
2016-02-19,525.95,531,519.2,525,524.65,1054082,5533.38
2016-02-18,527.1,529.4,520.6,523.5,524.4,1967772,10315.04
2016-02-17,526,526.5,513.4,520.25,519.1,1924596,9974.67
2016-02-16,545.95,549.5,520.45,524.65,524.05,2664696,14208.91
2016-02-15,533.05,542,528.5,540.3,539.7,2467275,13245
2016-02-12,543,543.55,525.05,529,528.6,1981976,10574.82
2016-02-11,530,548.7,517.3,543,540.85,5647601,30230.87
2016-02-10,555,558.95,534,534.95,538.6,2425499,13207.19
2016-02-09,564.9,571.2,551.1,556,555.85,1357674,7554.51
2016-02-08,574.95,575.75,561.1,567.5,566.85,1264314,7162.68
2016-02-05,555,573.3,544.1,571.9,570.15,864080,4846.05
2016-02-04,567,570.4,540.05,551,550.4,1614064,8890.45
2016-02-03,570,578.8,559.4,566,562.05,1188642,6755.29
2016-02-02,601,606.05,562,577.4,574,1779141,10378.2
2016-02-01,591.9,605.95,589.15,597,599.45,1045333,6278.99
2016-01-29,579.95,592,578.1,590.5,585.1,1146060,6681.69
2016-01-28,581,585.5,575,577.2,577.8,1336930,7746.91
2016-01-27,582,587.65,572.3,580.3,580.5,982504,5713.52
2016-01-25,590,590,579.2,581,580.6,910559,5328.44
2016-01-22,582.8,588.5,577.4,584.8,581.9,1297154,7562.68
2016-01-21,600.25,601.45,576.55,577.2,580.25,1452498,8551.78
2016-01-20,594.8,603.15,588,593.5,593.15,1002709,5948.97
2016-01-19,590.35,600.8,583,598,598.05,849433,5035.8
2016-01-18,608,608.05,586.4,591,591.05,1435098,8564.67
2016-01-15,616,616.95,602.35,604.9,609.1,1119442,6834.33
2016-01-14,603.4,617.05,596.75,613.2,614.3,986574,6014.05
2016-01-13,615.25,615.95,596.1,607.2,608.65,794118,4840.13
2016-01-12,609,616.9,605.7,612.45,611.45,1278522,7817.35
2016-01-11,617.4,617.4,604.25,610.5,610.05,1668698,10159.67
2016-01-08,637.3,645,614,624,622.35,1553402,9710.31
2016-01-07,648,650,629,629.7,637.45,732335,4711.22
2016-01-06,639.7,655.95,638.7,650.55,652.1,1234096,8010.05
2016-01-05,646.2,649.95,638.05,639.7,640.85,642269,4140.14
2016-01-04,652.05,653.8,639.4,645,645.65,631534,4076.91
2016-01-01,653.2,658.45,648.5,654.25,655.35,556012,3640.89
2015-12-31,653,655,647.2,652.7,649.75,765254,4982.68
2015-12-30,653.8,657,650.1,652.05,653.2,587218,3842.38
2015-12-29,660,660,652,653.1,653.85,472504,3095.62
2015-12-28,648.15,659.45,647.3,655.5,657.6,793844,5198.09
2015-12-24,648.8,654.4,645.2,648,648.2,395801,2572.5
2015-12-23,646,649.4,644.5,647.8,647.45,342498,2216.31
2015-12-22,643.95,648,641.5,645.25,644.2,508379,3278.06
2015-12-21,649.8,649.8,641.1,644.25,643.7,738842,4769.48
2015-12-18,642.8,649.3,640.1,641.15,642.1,995474,6413.37
2015-12-17,639,644.95,636.3,642.5,642.9,1333918,8562.78
2015-12-16,642.95,643.95,637.1,637.65,638.65,1166504,7465.1
2015-12-15,637.05,641.5,636.55,638.95,638.9,948636,6062.94
2015-12-14,637.9,643.8,631.05,637.15,637.05,721113,4598.88
2015-12-11,636.55,642.95,630.75,639,639.25,1104857,7036.92
2015-12-10,625.05,640.85,622,638,636.8,1030589,6511.94
2015-12-09,642.05,644.9,620,621.85,623.8,1044192,6589.34
2015-12-08,642,648.5,638.4,640.55,642.6,730708,4700.92
2015-12-07,647.95,654,640.1,645.5,645.2,921343,5948.64
2015-12-04,649.65,655,643.6,645.4,645.8,1127553,7314.41
2015-12-03,652.75,656,642.25,651.5,651.2,1484709,9631.64
2015-12-02,648.6,661.4,648.5,657.75,658.4,1610659,10574.2
2015-12-01,645.5,650,645,649.5,648.55,670534,4341.2
2015-11-30,643,651.5,639,644.65,643.65,2146672,13859.77
2015-11-27,637.4,645.7,635.55,643.4,643.65,1110713,7113.11
2015-11-26,639.8,641.9,633.1,635.8,634.55,1319195,8386.23
2015-11-24,640,646.8,635,637.95,637.3,909556,5840.5
2015-11-23,647.6,648,633.5,641.1,641.45,878175,5610.38
2015-11-20,635.9,648.9,631.1,647.55,646.85,1070873,6878.56
2015-11-19,635,637.4,629.85,636.05,635.65,523990,3325.42
2015-11-18,634.8,642,627.4,631.8,629.75,1026565,6526.75
2015-11-17,628.95,638.9,628,635.4,635.75,808720,5138.64
2015-11-16,617.85,631.15,613.15,626,625.8,1127051,7024.35
2015-11-13,635,635.95,615.1,616.45,617.9,2193410,13693.09
2015-11-11,644.8,645.6,639.1,644.3,643.3,200797,1290.7
2015-11-10,647,648.5,637.5,638.85,641.9,1166182,7504.45
2015-11-09,644.1,649.7,638.6,649,647.6,1192556,7690.48
2015-11-06,655,672.7,651,656.5,658.15,1715887,11348.05
2015-11-05,675,675.4,655.2,655.2,658.05,1833741,12204.05
2015-11-04,680,680.95,668.1,671.05,670.7,1321427,8901.56
2015-11-03,686.05,686.05,671.1,677.4,675.4,1048233,7115.08
2015-11-02,688.95,688.95,674.4,678.55,680.25,766804,5228.97
2015-10-30,699,703.9,688.05,689.1,690.45,1885373,13105.92
2015-10-29,699,704.9,689.5,692.75,691.55,2975896,20708.97
2015-10-28,682.25,702.25,675.8,701.95,696.05,1537365,10584.77
2015-10-27,676,688,672.25,686,684.7,1610215,10924.77
2015-10-26,683.4,684,673.4,681,681.25,1217235,8272.15
2015-10-23,682.1,686,679.3,682,682.2,1705211,11638.62
2015-10-21,673.6,681.9,672,676.1,678,2005358,13581.64
2015-10-20,689.65,689.65,658.6,674,673.6,5642920,37762.09
2015-10-19,679.5,689.7,677,687,688.45,2154963,14783.86
2015-10-16,674.4,680.5,669,680,679.45,1925227,12979.79
2015-10-15,683.75,683.95,669.4,671.4,670.95,1232379,8304.41
2015-10-14,673,680.2,660,679.9,679.2,1219164,8218.59
2015-10-13,676.25,681,673.5,678,679.05,1215291,8237.25
2015-10-12,692,692.8,675,677,676.35,980356,6661.24
2015-10-09,684.4,691.9,679.25,688.3,689.55,1867010,12790.55
2015-10-08,688,689.5,672.05,678,680.25,2304302,15695.01
2015-10-07,668.9,683.6,660.6,679.65,680.8,2160153,14566.13
2015-10-06,643.9,666.45,641.35,664.5,664,2513511,16562.69
2015-10-05,639.65,642,633.65,640.75,640.1,2469393,15760.66
2015-10-01,642.9,649,631.45,633.45,633.55,2945165,18817.11
2015-09-30,638,639.95,631.2,636.8,636.05,3135198,19938.31
2015-09-29,636.8,644.8,628.5,635.85,636.5,1385234,8812.19
2015-09-28,648,653.85,639.05,641,641.9,2002727,12986.11
2015-09-24,640,650.8,639,644.95,643.1,2130588,13790.98
2015-09-23,638.8,644,633.5,642,642.15,1098608,7033.17
2015-09-22,653,653.3,642.1,642.5,644.15,1673424,10842.75
2015-09-21,648,652,639.6,650,649.25,1001552,6474.17
2015-09-18,667,669,647.05,650,652,2152655,14157.8
2015-09-16,660.2,665.7,657,658.05,661.6,1038816,6877.24
2015-09-15,665.95,667,653.5,658.3,658.9,921666,6078.63
2015-09-14,654.75,663,650.5,660.35,660.7,796196,5242.17
2015-09-11,660,662.75,648.9,652.05,653.15,1179996,7729.62
2015-09-10,649,657.5,640.7,655.15,653.7,1254979,8173.1
2015-09-09,662.85,668,650.1,655.3,656.45,1561345,10253.01
2015-09-08,652,654.1,623.5,650,650,2197872,14022.98
2015-09-07,656,662,647.25,649.6,649.55,1844881,12079.29
2015-09-04,676.25,679.8,646.5,650.3,649.55,4428049,29235.62
2015-09-03,659,663.75,651.8,662,655.65,3366027,22154.83
2015-09-02,665,669.75,644.1,651,648.3,2734383,17843.28
2015-09-01,682,688.4,657,658,663.15,2567389,17254.79
2015-08-31,659.8,685,655.1,684,682.15,2172057,14671.88
2015-08-28,675,679.7,655,659.2,659.85,2111583,14060.43
2015-08-27,652,667.8,640,661.5,660.95,3929856,25875.31
2015-08-26,648,649,633.5,637.05,637.45,2031606,13031.28
2015-08-25,649,654,605.7,648,645.4,4891926,31210.62
2015-08-24,675,681.9,626,634.85,635.85,4568527,30114.9
2015-08-21,680,700.95,671.1,698,697.4,2011811,13844.86
2015-08-20,697.5,708,688.4,692.8,691.6,2267326,15828.01
2015-08-19,687,703.4,686.9,697,696.1,2593642,18080.78
2015-08-18,709,709.4,680.8,685,683.8,5972184,41220.92
2015-08-17,744.95,745,701,702.2,703.15,7582133,53978.44
2015-08-14,735,741.75,730.25,740.5,739.6,3238561,23871.86
2015-08-13,711.8,730,710.5,729.6,725.5,2079678,15058.41
2015-08-12,718.45,724.3,696.75,709.95,707.65,2149755,15250.55
2015-08-11,719,729,713.95,720.15,719.2,1636795,11812.98
2015-08-10,717.4,723.5,710.75,713.55,715.25,914543,6573.68
2015-08-07,724.7,728.85,713.5,716.2,715.15,980254,7044.53
2015-08-06,720.25,731.1,718.05,722,723.4,1374485,9967.32
2015-08-05,710.95,721.9,709,718.8,718.6,1274983,9133.87
2015-08-04,717.95,717.95,703.1,709,709.65,1237267,8784.77
2015-08-03,713.8,716.95,705,713.75,712.3,916688,6515.12
2015-07-31,719.9,724,706,709,709.05,2031688,14529.07
2015-07-30,685.1,714.7,685.1,713.85,711.05,2842736,19991.93
2015-07-29,674.9,683.75,667,676.65,679.55,1183157,7983.82
2015-07-28,676.95,680,665.1,671.5,671.9,832236,5595.77
2015-07-27,676.75,688.75,673,674.5,675.35,807908,5501.7
2015-07-24,675,685.8,671.75,678.8,678.1,1177924,8005.49
2015-07-23,675,676.9,663.25,673,673.2,759001,5111.38
2015-07-22,664,680,663.5,674.95,674.6,1412682,9540.8
2015-07-21,683,688.75,660.1,663.45,662.5,1019824,6895.14
2015-07-20,685.55,691.45,680,681.55,683.1,756355,5173.25
2015-07-17,680.05,687.7,678.55,685.55,685.2,1180811,8089.49
2015-07-16,672.15,682,665.55,680.05,679.8,1342722,9047.77
2015-07-15,667,673,663.1,670,670.6,790552,5281.93
2015-07-14,663.75,671.65,660.25,664.1,665.95,966237,6439.6
2015-07-13,653,664.9,651.95,663.6,661.25,1334312,8810.77
2015-07-10,643.3,650.5,634,650.4,648,1329511,8532.52
2015-07-09,647,654.9,637.35,640,641.15,1165623,7522.62
2015-07-08,643,655.75,631.7,645,646.2,1553260,10005.46
2015-07-07,654.9,658.65,644.1,647,646.5,1151563,7486.07
2015-07-06,627,655.95,623.35,654.75,653.7,2193898,14177.22
2015-07-03,626.25,638.95,626,631.85,631.55,1062854,6740.51
2015-07-02,634.9,636.85,625.1,626.85,626.35,1018273,6418.94
2015-07-01,619,637.2,616.75,635.4,634.9,1789439,11298.69
2015-06-30,607.2,618,606.55,618,615.4,2352929,14398.67
2015-06-29,610,613.9,600.1,609,610.95,1359591,8251.98
2015-06-26,612,621.75,612,619.75,619.3,2088582,12936.99
2015-06-25,618,620,600,612.6,610.75,1916121,11753.5
2015-06-24,632,634.2,616.35,622.05,621.75,1350706,8471.62
2015-06-23,618.5,631.5,612.5,630.95,630.35,1700335,10629.61
2015-06-22,612,617.5,607,613.15,613.5,1609442,9855.47
2015-06-19,607,614.7,599,607.1,606.65,2017997,12255.79
2015-06-18,618.4,622.6,602.1,608.95,607.05,2134429,13023.69
2015-06-17,592,617.7,591.1,614.6,612.9,3226832,19711.8
2015-06-16,583,592,575.7,590.65,590.35,1586626,9263.2
2015-06-15,581.7,592.6,571.6,584.25,585.7,1358401,7958.47
2015-06-12,574.1,586,571.8,581.9,581.65,1768081,10256.54
2015-06-11,595,599,571.25,575,574.35,2025695,11785.52
2015-06-10,590,600,585.8,592.45,592.75,1518836,9022.59
2015-06-09,608,610,587.7,590.45,591.95,1880172,11257.35
2015-06-08,619.9,621.7,609,612,614.7,1535540,9438.98
2015-06-05,629.9,636.9,620,621,622.65,1161230,7308.68
2015-06-04,638.7,643.9,625.3,630,630.45,965314,6119.19
2015-06-03,642.2,643.55,631.1,636.8,635.15,1140795,7275.77
2015-06-02,666,667.8,639.35,641.5,641.3,1725187,11212.79
2015-06-01,645.5,672.75,645.5,662,662.1,2655528,17645.84
2015-05-29,646.85,660,641.2,652.15,650.45,3757040,24462.24
2015-05-28,665,666,639.8,642.4,644,2667994,17238.86
2015-05-27,657.8,669.65,653,658.9,661.1,1529286,10113.54
2015-05-26,662,665.5,652.1,661.1,659.05,989654,6514.35
2015-05-25,676.4,677.5,657.2,659.1,660.2,1333330,8863.5
2015-05-22,676,680.5,667.9,676.95,673.9,1181691,7955.06
2015-05-21,688.45,688.45,669.4,673.4,674.35,1596030,10778.6
2015-05-20,683.9,690.7,681.1,686.85,688.55,884919,6078.58
2015-05-19,683.5,693.9,678.9,681.25,682.7,848057,5828.75
2015-05-18,683.3,690,678.05,686.75,685.55,864835,5912.18
2015-05-15,684.85,686.7,672.65,681,683.35,1187367,8076.39
2015-05-14,679.35,695.95,678,683.55,686,2412197,16607.7
2015-05-13,665,679,660.45,678,676.6,1858476,12467.81
2015-05-12,665.25,674.9,654.25,659.45,664.1,2714276,18031.15
2015-05-11,667.45,672.95,662.45,668.05,666.1,2078211,13891.89
2015-05-08,633,660.95,632.95,657.45,654.7,2770332,18087.78
2015-05-07,636,642.5,620.4,626,627.8,1896392,11990.77
2015-05-06,662,662,631.1,635,636.25,3640420,23377.44
2015-05-05,674.6,675.65,657.15,662.1,662.3,2220174,14694.86
2015-05-04,642,681.1,640,674,673.7,3045985,20159.31
2015-04-30,626.5,642.4,620,638,636,2844112,18021.23
2015-04-29,632.65,640,625.6,627.95,629.25,1272786,8040.25
2015-04-28,625,635,618.75,630.45,631.65,1434089,9041.42
2015-04-27,638.8,639.75,621.25,627,628.45,1502771,9449.9
2015-04-24,664.45,664.45,635,638.8,637.65,1623284,10448.44
2015-04-23,660,668.8,657,659.5,663.95,3600202,23890.5
2015-04-22,655,668,645,655.05,656.7,1969424,12904.75
2015-04-21,660,665.25,645,652.6,652.6,2144141,14049.81
2015-04-20,679.8,683.9,658.55,659.65,660,1915626,12761.9
2015-04-17,679,689,672.1,678.2,680.4,2231820,15222.1
2015-04-16,695.4,695.4,673,677,678.85,1787533,12181.73
2015-04-15,713.45,717,690.1,691.6,692.9,1604656,11247.32
2015-04-13,702,714.6,691,712.8,712.4,1497566,10537.18
2015-04-10,710,715.95,694,700,701.15,2038210,14341.15
2015-04-09,741.7,741.85,715.3,719,719.45,1409699,10194.78
2015-04-08,732,746.1,724.6,737,736.7,2259141,16661.62
2015-04-07,740,744.7,722.4,728.3,728.2,1652776,12082.71
2015-04-06,714,739.1,711.55,734.6,735.65,2457940,17887.95
2015-04-01,714,716.5,703.85,709.95,709.6,1693796,12037.73
2015-03-31,705,717.7,700.25,711,712.45,2267378,16053.86
2015-03-30,695.1,710.95,695.1,702.5,702.2,1612745,11356.27
2015-03-27,707,709,687.2,692.65,694,2072818,14501.49
2015-03-26,710.5,717.25,697.1,702,700.95,2634979,18588.84
2015-03-25,714.4,718.45,706.3,712,711.45,1175071,8371.06
2015-03-24,700.75,713.95,698.5,709,710.25,976875,6912.19
2015-03-23,703.5,712.3,694,701.5,701.3,825791,5815.02
2015-03-20,713.85,718.4,693.75,700.4,699.8,1874430,13181.48
2015-03-19,716,726.8,705.6,711.4,710.35,1697308,12201.35
2015-03-18,714,720.8,708.05,713.8,711.95,1470026,10480.21
2015-03-17,698.4,716,696.65,709.95,710.55,1832519,12989.18
2015-03-16,706.15,707.8,683.6,694.55,693.65,2758251,19082.25
2015-03-13,725,727.65,701.1,708.2,703.85,1031988,7331.77
2015-03-12,719.15,728,711,721,720.2,1970544,14213.37
2015-03-11,734,737.45,712.4,718.25,717.7,1656569,11899.84
2015-03-10,740,752.85,725,729.85,729.45,2224099,16373.93
2015-03-09,739.5,742.5,730.05,733.9,734.2,886869,6514.38
2015-03-05,730,746.4,725,740,739.5,1863532,13729.37
2015-03-04,736,747.5,722,730,727.05,1975785,14533.14
2015-03-03,720,738.7,715.1,735,731.9,2346080,17096.81
2015-03-02,683.55,725,681.35,722.45,716.95,2226858,15654.49
2015-02-28,673.75,685,663.1,682.3,682.05,645932,4346.34
2015-02-27,662.4,677,655.4,672.85,669.85,1632882,10864.07
2015-02-26,680.5,682.45,656.15,662,659.45,1754632,11668.85
2015-02-25,679.55,685.2,671.45,677.15,676.35,865007,5871.54
2015-02-24,673,679.6,670,676.75,677.3,745543,5033.2
2015-02-23,678,684.35,666,670,669.15,1030305,6956.65
2015-02-20,686.2,690,673.55,677,675.95,1323954,9021.13
2015-02-19,683,692,672.1,682,682.45,1803177,12297.53
2015-02-18,672.7,684,667.55,682.2,677.65,975390,6585.54
2015-02-16,670.3,678.9,668,673.95,671.55,1056625,7115.97
2015-02-13,661,701.85,659,666.55,667.25,6373168,43070.27
2015-02-12,641,665.55,633.05,658.9,660.65,4022095,26324.61
2015-02-11,640.15,640.8,631.05,637.8,636.45,1671824,10622.86
2015-02-10,630,642.8,623.45,642,640.15,1834808,11667.83
2015-02-09,650,656,626.25,628.4,629.65,1213162,7734.94
2015-02-06,672,682.7,645.65,657,655.05,1572398,10549.2
2015-02-05,676.55,676.55,657.25,659.7,662.4,913021,6093.37
2015-02-04,680.4,688,666.6,675.15,678,1326140,9006.06
2015-02-03,695.15,699.75,672.05,677.75,677.4,772717,5314.58
2015-02-02,698,706.5,691.25,695,695.5,878717,6138.9
2015-01-30,699,702.8,691.2,697,695.75,1061983,7395.02
2015-01-29,699.95,711.9,686.5,695.9,697.45,2245977,15685.58
2015-01-28,706.9,707,692.55,700.1,703.55,1379608,9659.08
2015-01-27,687,710,683,706.5,707.05,2067849,14413.53
2015-01-23,659.9,686.5,654.6,681.95,677.65,2255956,15076.47
2015-01-22,643.5,657.2,641.35,654.25,654.8,1642285,10700.35
2015-01-21,663,663.85,641,641.25,643.45,1541897,9960.25
2015-01-20,661.95,666.45,657.35,660,661.8,1537603,10199.64
2015-01-19,652,661.55,649,657,657.8,1536486,10097.01
2015-01-16,641.7,650,639,649.9,647.35,1245788,8044.87
2015-01-15,638.9,640,632.6,637.1,638.05,1229115,7833.46
2015-01-14,638.8,641.85,629.05,632,631.4,1033679,6551.65
2015-01-13,631,645.3,628.2,636.95,636.4,1261489,8062.44
2015-01-12,630.9,637,625.95,629.7,630.75,1094136,6916.64
2015-01-09,624,641.5,621,633.15,632.35,2151608,13640.99
2015-01-08,615,621.5,612,620,618.2,1273014,7867.86
2015-01-07,614.35,617.8,604.5,616.1,611.95,813936,4977.22
2015-01-06,631,632,610.5,613.95,614.35,1615490,10012.14
2015-01-05,626,638,626,632.4,633,1282895,8126.99
2015-01-02,633,637.55,629.35,631,630.15,688999,4361.07
2015-01-01,626.5,634.8,626.5,629.95,628.4,596787,3764.07
2014-12-31,625,629.2,624,626.7,626.4,789136,4942.52
2014-12-30,624.5,628.85,621.35,625,625.25,481982,3015.31
2014-12-29,623.25,632.4,618.6,623,622.85,686818,4297.84
2014-12-26,626,629.8,619.4,621.85,622.8,525600,3278.23
2014-12-24,635.1,636.45,622,624.15,625.1,2697412,16921.16
2014-12-23,619.5,633.9,612.55,629.25,630.1,1378766,8591.11
2014-12-22,621.1,622.8,614,619,618.25,751698,4646.72
2014-12-19,632,634.45,616.85,619,618.95,1260103,7849.36
2014-12-18,609,629,609,626,625.35,1579359,9804.57
2014-12-17,618,619.7,597.8,609.5,605.5,2116349,12837.23
2014-12-16,630,631.3,616.9,622.15,623.4,1512132,9437.02
2014-12-15,641,643.85,623.35,636.4,632.1,1055655,6657.48
2014-12-12,644,649.8,636.65,641.3,640.9,1119398,7197.5
2014-12-11,650,651.1,640.1,642,642.45,1179422,7601.06
2014-12-10,641,652,636.05,649,649.85,1467006,9497.63
2014-12-09,651,652.45,636,639.7,640,801143,5155.74
2014-12-08,651,655,641,651.5,651.9,1732385,11253.97
2014-12-05,657.1,664.5,645.75,645.75,647.3,1448690,9458.6
2014-12-04,660,667.3,654,659.4,659.25,1897979,12508.19
2014-12-03,642,663,637,659.9,650.2,4859501,31116.34
2014-12-02,643,651.85,637.05,640.95,639.45,1582287,10190.1
2014-12-01,636.85,649.55,629.4,644,643.05,2014699,12937.33
2014-11-28,642,646.6,632.6,634.15,635.15,2330230,14860.38
2014-11-27,630,642,626.3,640.85,637.55,2119129,13462.7
2014-11-26,630,638,624.1,629.6,628.95,2164082,13673.48
2014-11-25,619,628.9,608,628.5,624.25,4011692,24844.01
2014-11-24,627,632,616.3,617.05,618.15,1703235,10599.24
2014-11-21,626.45,645,624.25,626,627.05,2847855,18071.13
2014-11-20,600,623.95,595.65,622.5,618.5,2261492,13837.63
2014-11-19,611,613.75,593,600.7,599.2,1553551,9326.7
2014-11-18,612,617.7,606,607.6,607.85,1828374,11147.97
2014-11-17,609,618,606.05,612.95,613.3,1168089,7146.81
2014-11-14,615.5,629.75,606.95,609.35,609.2,2551434,15655.37
2014-11-13,620,635,618.15,619.2,623.65,1824599,11438.48
2014-11-12,639.95,642.8,616,618.8,618.3,2128988,13357.27
2014-11-11,647.7,651.65,634,637.7,637,1156064,7397.9
2014-11-10,652,653,639.15,643.05,643,672490,4331.07
2014-11-07,657.5,667.7,647.7,651.15,650.15,1670668,10982.88
2014-11-05,664.9,670.7,651.8,657.15,658.5,1178035,7766.7
2014-11-03,670,671,658.75,662.9,663.1,796370,5284.26
2014-10-31,652.7,673,647.8,671,666.55,1185420,7808.42
2014-10-30,656.25,663.8,647,651.45,650.6,2236206,14649.51
2014-10-29,652.9,658.8,649,658.4,656.9,2970820,19447.83
2014-10-28,630,648.8,625.7,648,646.15,1860143,11888.53
2014-10-27,629.8,631.1,620.1,627.4,628.1,1316795,8248.95
2014-10-23,631.75,634.85,625.55,627.95,628.45,216487,1364.44
2014-10-22,612,633.7,609.75,632.6,628.4,2149219,13368.9
2014-10-21,604,611.25,599.75,609.05,608.3,1375706,8344
2014-10-20,600,610.8,599.5,604.15,604.25,1386961,8399.32
2014-10-17,575.5,601,575.5,594.5,595.6,1717922,10132.48
2014-10-16,578.85,592.9,575.2,578,578.65,1899046,11085.38
2014-10-14,574.7,586.6,570.2,578.95,578.5,1235691,7181.54
2014-10-13,591,591,574.45,576.45,575.95,1570550,9086.13
2014-10-10,590.4,598.45,580,589.7,592.4,2277836,13467.75
2014-10-09,589.75,605,587.2,590.9,591.7,1833911,10947.96
2014-10-08,603.9,603.9,578.8,585.1,585.65,2870865,16823.94
2014-10-07,629.7,630.35,598.25,601,602.2,2218559,13584.77
2014-10-01,626.8,631.4,621.1,625.2,624.3,1220240,7623.08
2014-09-30,614.1,628.1,613.8,625.95,626.8,1661328,10356.12
2014-09-29,612,622.1,608.9,618.05,616.85,1105338,6831.32
2014-09-26,610.9,616.45,587.5,611.75,611.95,2038811,12320.5
2014-09-25,607.35,617.5,597.95,609.85,608.45,2631825,16060.32
2014-09-24,587.15,603.25,573.7,602.9,600,3224447,18878.67
2014-09-23,624,624,578.95,586.2,584.3,5293569,31642.39
2014-09-22,626,626,607.55,614.7,612.9,2877030,17623.75
2014-09-19,625,637.7,620.1,628.95,628.1,2601536,16405.53
2014-09-18,612,622.95,606.75,622.4,620.05,1768643,10913.03
2014-09-17,623,627.75,604.2,609,610.15,2534042,15499.64
2014-09-16,632,639.1,614.15,619.3,619.7,2498982,15654.41
2014-09-15,612.6,634.4,609.8,627,630.25,4011059,25201.75
2014-09-12,578,616.9,576,610.35,612.75,4515925,27091.35
2014-09-11,577,579.4,566.85,578,575.2,1346966,7711.51
2014-09-10,578,582.4,574.8,577.45,577.35,1450646,8391.52
2014-09-09,567.1,578.1,567,577.7,574.9,1883699,10788.12
2014-09-08,562,565.65,558.75,562.8,563.45,2158860,12134.75
2014-09-05,553.2,559.9,545.65,556.25,557.5,2710206,15005.61
2014-09-04,554,569,549.1,550.45,552.3,3561169,19827.25
2014-09-03,559.9,562.5,550,550.2,553.2,2999971,16677.47
2014-09-02,534,575,533.5,557.6,557.05,5384451,30226.17
2014-09-01,516.3,531.1,514.7,529.3,529.15,1876424,9867.85
2014-08-28,513.3,516,506.5,516,514.2,2615834,13412.16
2014-08-27,513.7,517.4,508.7,514,513.35,1397996,7161.74
2014-08-26,506.3,517.4,505.3,512,512.4,1497790,7680.43
2014-08-25,498,509.4,495,508,507.4,1211454,6108.17
2014-08-22,496.4,502,491.3,498.5,499.3,2077957,10326.69
2014-08-21,492.35,499.75,486.15,492.1,492.85,1635039,8070.2
2014-08-20,474.05,496.8,472,490.05,492.35,2686295,13094.22
2014-08-19,472.5,476.6,465.5,476,474.55,1982745,9347.47
2014-08-18,447.8,472.6,442.25,471.25,471.05,3374069,15497.92
2014-08-14,439.7,452.25,432.75,450.6,448.6,2478440,10975.25
2014-08-13,446,450.8,437.1,437.1,440.35,1542958,6867.8
2014-08-12,439.85,445.55,437.05,444.6,444.85,1011391,4478.26
2014-08-11,441.4,443.25,436.7,437.2,437.5,961184,4231.95
2014-08-08,431,437.65,430,437,436.7,613238,2662.22
2014-08-07,435,439.65,432.05,434.7,434.95,799428,3481.92
2014-08-06,438.9,441,433.25,435.9,435.6,1184099,5171.47
2014-08-05,442.55,443.2,435,439.7,440.5,785917,3461.15
2014-08-04,444,447.5,437.2,440.75,440.8,1540481,6786.72
2014-08-01,455,460.5,440.15,442.75,442.5,919050,4145.96
2014-07-31,447,463.35,447,457.7,456.5,2893807,13236.78
2014-07-30,440.5,451.4,439.1,446.65,448.2,1339082,5943.61
2014-07-28,446.95,446.95,437.35,440.95,440.95,425731,1879.61
2014-07-25,441.45,446.5,438.9,445.3,445.65,930167,4126.07
2014-07-24,441,444.35,437.3,438.75,439.55,674032,2961.68
2014-07-23,441.75,447.8,438,441.3,442,794876,3521.54
2014-07-22,438.55,444,437,440.55,441.25,713693,3137.99
2014-07-21,444.65,444.65,436,437.15,438.3,564182,2479.82
2014-07-18,440.3,444.15,439,440.6,441.35,1460037,6449.96
2014-07-17,430,441.4,430,437,437.05,899509,3939.68
2014-07-16,432.65,436.2,429.55,432.3,432.15,823933,3557.43
2014-07-15,433.15,434.7,427.65,432.7,431.85,834688,3594.8
2014-07-14,437,437.5,428.8,432.15,432.65,641001,2773.02
2014-07-11,432,445,430,436,436,1176692,5160.39
2014-07-10,436.25,442.95,425.25,434,436.05,1223859,5295.91
2014-07-09,443.5,447.4,433.55,434.9,436.25,854107,3766.47
2014-07-08,451,460.65,437.1,440,442,2390257,10853.41
2014-07-07,449,453.7,444.7,451.5,449.65,1432449,6431.95
2014-07-04,448.9,453.15,441.5,449,449.3,1472541,6609.32
2014-07-03,445,449.9,442,447.5,447.7,1828531,8172.52
2014-07-02,437.15,446.55,436.5,444.05,444.3,1773781,7850.65
2014-07-01,439,441.5,436.1,437.2,437.25,1068729,4688.51
2014-06-30,442.7,445,435.7,438.35,438,1645312,7250.23
2014-06-27,423,442.8,423,439.25,436.9,1649698,7138.54
2014-06-26,427,433.3,421.05,426.3,425.55,4161224,17689.91
2014-06-25,427.8,430.9,424,426.35,426.45,743792,3181.14
2014-06-24,427.8,429.8,423.25,427,427.4,826911,3534.62
2014-06-23,427.2,428.65,418.05,424.8,423.9,1003896,4237.53
2014-06-20,426.6,437.95,422.25,425,425.65,2313373,9948.35
2014-06-19,429.9,429.9,419.65,426,425.95,1709421,7270.48
2014-06-18,420,443.25,418.1,424.05,425.1,8551040,36776.02
2014-06-17,417,417,410.65,412.2,412.95,750090,3098.17
2014-06-16,414.75,418,410.15,413.6,413.6,2036826,8419.8
2014-06-13,415.5,420.9,407.5,413.2,414.1,1137084,4710.88
2014-06-12,414,419,411.4,415.75,416.15,1333274,5544.1
2014-06-11,408,417.5,408,412,413.15,2536080,10484.59
2014-06-10,399,409.35,396.05,407,407.6,2777554,11250.32
2014-06-09,398,402,393.25,396.3,396.55,1581828,6294.79
2014-06-06,387.95,397.3,386.6,396,396.15,1582458,6218.74
2014-06-05,391.2,392,385,387.2,387.2,853847,3303.07
2014-06-04,387.35,391.9,387.35,391,390.8,853453,3329.61
2014-06-03,386.05,390.4,384.2,389,389,755694,2935.08
2014-06-02,389,389,381.2,386.05,387.2,907555,3506.13
2014-05-30,370,385.9,367.5,383.6,384.55,2158135,8214.81
2014-05-29,380.1,382,370.85,373.15,372.45,2231881,8345.53
2014-05-28,378.6,382.4,376.6,379.15,379.85,1105072,4197.03
2014-05-27,382,386.05,377.3,378.5,378,2348760,8924.17
2014-05-26,388.35,390.8,379.1,382.85,381.3,1422191,5449.46
2014-05-23,388.2,392.9,384.05,386.9,387.9,1067882,4154.52
2014-05-22,391.4,392.4,384.35,387.15,387.85,1343373,5222.37
2014-05-21,390,394,386.3,387.5,389.65,2123860,8293.05
2014-05-20,383,391.5,378.9,391.05,389.35,1790091,6902.88
2014-05-19,390.15,394.4,382.05,383.8,384.75,2386910,9200.77
2014-05-16,401.4,425,387.45,388,388.25,2820584,11183.13
2014-05-15,394.7,402.45,393.5,398.3,398.1,1681151,6694.84
2014-05-14,392.2,396.8,390.8,394.7,394.55,1474530,5816.61
2014-05-13,391,392.9,386.1,391.85,390.6,2079198,8103.31
2014-05-12,393.1,394.8,384.5,387.9,387.75,1522838,5909.75
2014-05-09,388.35,394,385.1,393,392.3,1030990,4034.7
2014-05-08,391,395,386.1,388,388.65,1878821,7327.35
2014-05-07,391.15,396.35,381.3,382.85,382.6,1677331,6512.2
2014-05-06,395.65,395.65,389.5,392.1,390.9,1302895,5110.7
2014-05-05,402.05,404.4,391.3,393.15,392.8,1734530,6862.64
2014-05-02,397.5,406.5,397.5,402.1,402.1,989246,3981.64
2014-04-30,401.2,404.9,392.55,396.55,397.45,810330,3227.66
2014-04-29,407.8,408.75,397.7,402.1,401.2,1115634,4483.58
2014-04-28,394.25,409.5,394.25,407.65,406.9,1950705,7876.35
2014-04-25,397.25,401,392.4,395.5,394.25,630377,2488.51
2014-04-23,397.3,400.25,397.3,398.8,399.05,748544,2983.45
2014-04-22,400.15,402.8,395,397,396.5,1162409,4621.63
2014-04-21,400,404.75,397,400,399.8,745738,2987.25
2014-04-17,399.5,401.3,394.6,401,400.7,1189809,4750.9
2014-04-16,401.1,404.05,393.6,397.5,396.9,891565,3543.23
2014-04-15,402.25,402.8,395.15,401.1,400.65,841008,3356.3
2014-04-11,397.5,403.45,396.25,402,402.05,1525144,6128.68
2014-04-10,401.4,402.2,394.2,397.5,397.4,1703713,6758.5
2014-04-09,398.25,401.85,393.7,400.8,401,1026656,4104.35
2014-04-07,407.9,410.1,392.2,395.7,396.6,1371865,5455.58
2014-04-04,398,406.1,396.25,405,404.1,1879042,7548
2014-04-03,391.5,397.5,389.25,397,396.4,1714910,6756.67
2014-04-02,384.8,392,381.55,388.55,389.25,2670463,10357.43
2014-04-01,383.7,385.75,379.15,382.15,381.5,1470749,5619.99
2014-03-31,388.2,389.75,381.8,382.05,382.8,950977,3658.75
2014-03-28,386.35,391.55,383.55,387.05,386.95,1196519,4629.17
2014-03-27,390,391.7,382.55,384.6,386.4,2349700,9092.95
2014-03-26,392.65,393.9,385.55,387,387.1,1590602,6186.93
2014-03-25,393.5,394.5,388.1,391.25,391.25,1796133,7016.81
2014-03-24,398,401.6,390.1,390.75,391.05,1479217,5843.06
2014-03-22,387.95,399,387,397.1,394.8,461897,1820.3
2014-03-21,388,389.45,384,387.1,387.95,1005845,3901.87
2014-03-20,380.5,388.95,379,387.8,387.25,1355616,5233.91
2014-03-19,387,389.9,382.25,383.45,382.8,1190320,4592.51
2014-03-18,388,390.95,382,386,385.85,1045604,4052.62
2014-03-14,379.65,387,378.75,386,386.5,1056579,4054.43
2014-03-13,379.4,383.55,378.4,381,380.4,979770,3740.26
2014-03-12,377.2,380.8,376.45,379.4,378.7,1247912,4734.12
2014-03-11,375.25,380.3,375.25,377.3,376.95,1770830,6685.59
2014-03-10,381.75,381.75,373.85,375.3,375.4,2565231,9652.73
2014-03-07,382.1,382.4,374.3,380,381.2,1616118,6122.58
2014-03-06,386,387.3,378.15,380.45,379.75,1568154,5994.47
2014-03-05,379.3,386.2,379.3,385.2,385.5,1224021,4694.29
2014-03-04,377,381.9,377,378.65,378.65,783416,2971.91
2014-03-03,386,387.7,375.05,376,376.6,1038366,3945.02
2014-02-28,379,385,374.5,384.85,384.3,2480770,9471.35
2014-02-26,377.4,379.45,373,376.2,375.3,2983431,11217.9
2014-02-25,367.55,375.5,367.55,374.2,374.75,2141819,7976.66
2014-02-24,366.5,372.8,366.5,367.55,367.5,1554990,5732.57
2014-02-21,374,374,367.75,368.5,369.2,2004530,7407.73
2014-02-20,373.2,376.6,370.4,370.75,371.2,1607125,5986.21
2014-02-19,373,375.2,371,373.95,373.2,891444,3328.11
2014-02-18,374,377.7,371.25,371.75,371.9,1787070,6687.3
2014-02-17,373.35,378.05,371.15,376.05,374.35,1218421,4566.55
2014-02-14,384.7,384.7,370,372.8,373.35,3269119,12268.53
2014-02-13,390,404.25,379,380.95,380.3,10135980,39450.86
2014-02-12,414.9,414.9,408,413.5,412.75,2956000,12161.86
2014-02-11,415,415,405.2,411,412.5,2568431,10539.99
2014-02-10,419.45,423.6,409.7,410.8,414.55,1133469,4751.05
2014-02-07,412.85,418,412.5,417,417.05,943897,3922.27
2014-02-06,417.5,420,409.25,410.35,410.05,1533292,6336.31
2014-02-05,416.9,416.9,410.5,415.4,415.15,1340045,5542.13
2014-02-04,410.7,417.95,410,414.15,415.15,1076767,4472.66
2014-02-03,408.5,415.75,408.5,412.85,412.5,883601,3641.31
2014-01-31,415,419,408.55,410.3,410.6,529559,2185.5
2014-01-30,410.95,415.9,407.95,414.95,413.45,1344614,5552.89
2014-01-29,411,418.5,409.5,415.3,414.5,1227506,5096.68
2014-01-28,416.3,420.5,406.8,408.8,409.25,988099,4065.34
2014-01-27,411.5,418,407.75,418,415,1305152,5397.3
2014-01-24,418,423,413.4,414,414.4,994905,4153.4
2014-01-23,422.9,425.05,417.4,419.65,419.55,657695,2768.56
2014-01-22,417.7,425.85,415.3,423.6,422.7,1159013,4899.97
2014-01-21,420.25,424,416.35,417,417.4,757294,3182.86
2014-01-20,419,421.7,416.15,419.1,419.85,825525,3461.95
2014-01-17,412.5,421.95,412.5,420.45,417.6,1369311,5716.3
2014-01-16,419,420.95,412,412.05,412.65,1332490,5541.32
2014-01-15,414.35,423.9,414.35,417.25,418.05,2737981,11469.6
2014-01-14,400.9,412.25,400.9,410.5,411.15,1375742,5607.14
2014-01-13,396.35,403.45,396.35,402.75,402.25,770671,3084.26
2014-01-10,401.2,406.7,397,399,399.1,875765,3518.25
2014-01-09,404,407.4,400,403.3,403.1,1161659,4688.54
2014-01-08,391.1,405,389.1,404,404.2,1768447,7076.64
2014-01-07,393.9,394.9,389,390.15,390.85,955034,3731.62
2014-01-06,393.9,395.95,387.65,391,391.6,752348,2947
2014-01-03,391.55,394,386,393.95,391.75,998001,3887.03
2014-01-02,402,406.35,391.5,392.45,392.3,734194,2930.25
2014-01-01,402.5,405.9,400.8,401.25,401.75,429074,1730.27
2013-12-31,402.75,404.35,399.4,401.3,400.8,550785,2211.39
2013-12-30,407.25,407.65,398.75,400,400.05,718101,2886.19
2013-12-27,399,407.9,398.45,405,405.15,1221207,4936.38
2013-12-26,402,404.9,396,398.05,398.05,2154435,8595.4
2013-12-24,406,409.5,398.45,399.75,399.65,895726,3619.5
2013-12-23,403.1,408.7,399.3,406,405.15,1563675,6334.51
2013-12-20,402,403.4,399.95,401,401.75,1573136,6321.8
2013-12-19,393.85,401.5,388,401.05,399.5,1558022,6170.94
2013-12-18,390.75,396.5,385,393.8,392.75,2330228,9110.54
2013-12-17,381,389.9,378,387.4,387.8,3377248,13083.37
2013-12-16,375.5,379.25,373.2,379,375.9,1085951,4079.36
2013-12-13,380,381.7,375.35,376.2,376.7,1849657,6978.07
2013-12-12,385.05,387.15,380.15,381.2,380.95,1052271,4030.01
2013-12-11,388,391.9,386.15,388.4,387.1,546841,2122.07
2013-12-10,387,391,385.65,388.7,388.6,986823,3833.57
2013-12-09,396,396,384.25,385.5,385.4,1495597,5788.25
2013-12-06,386.5,391.45,386,388.45,388.75,555641,2160.04
2013-12-05,394.45,394.7,385.6,386.7,387.55,691977,2697.57
2013-12-04,390,394,387.2,390.2,390.05,887970,3471.48
2013-12-03,392,394.4,388.1,389.95,390.6,809592,3163.24
2013-12-02,392,395.85,391.25,392,391.9,975507,3835.69
2013-11-29,382,392.75,382,390.9,391.25,1713523,6675.51
2013-11-28,382.5,385.25,378.55,381,379.95,2011901,7688.41
2013-11-27,385,386.3,381,381.7,381.95,934508,3578.51
2013-11-26,388,391.3,384.25,386.25,386.2,1169016,4527.9
2013-11-25,389,392.4,385.25,386.05,387.1,1229132,4781.06
2013-11-22,389.95,390,383.8,385.25,385,1184733,4577.13
2013-11-21,393.5,396.25,385.6,386.25,386.65,1706437,6658.14
2013-11-20,400.35,401.8,391.8,392.75,392.85,1951113,7701.89
2013-11-19,403.1,405.85,399.25,400.5,400.75,1269712,5099.29
2013-11-18,403.1,407.05,401.35,402,402.2,1141893,4607.16
2013-11-14,408.15,412.5,400,402.7,403,2200117,8924.04
2013-11-13,419.55,419.55,410.05,410.15,412.3,1255137,5206.24
2013-11-12,422.7,426.65,418.4,418.8,420.85,924373,3913.64
2013-11-11,423,428.25,420.5,422,421.95,964562,4098.55
2013-11-08,421.05,426.5,420.3,423.05,423.15,1121043,4746.69
2013-11-07,425.75,429.75,419.9,421.25,421.6,970555,4130.11
2013-11-06,421,427.8,421,424.2,424.65,1264818,5375.82
2013-11-05,418,423.8,415.55,420.45,420.65,1198094,5037.39
2013-11-03,416.75,420.95,416.75,418,418,145233,607.69
2013-11-01,414.5,418.2,413.5,417.3,416.3,576321,2399.28
2013-10-31,420,421,411.85,414,413.2,1884285,7805.57
2013-10-30,418.55,420.35,416.05,419.55,419.4,927553,3880.68
2013-10-29,411.65,419.75,408.7,418.55,417.75,1093035,4541.52
2013-10-28,416.25,418.9,411,411.3,411.75,551183,2274.71
2013-10-25,418.25,421,413,415.7,415.5,871750,3629.08
2013-10-24,423.9,425.55,417.75,420.5,420.2,1077405,4537.99
2013-10-23,412.6,424.95,411.5,423.5,423.8,2311179,9693.16
2013-10-22,417.9,420.6,410.2,412.9,412.25,1382573,5712.73
2013-10-21,416.95,422.9,413.35,417.15,416.8,1365372,5697.87
2013-10-18,415.35,419.45,413.6,415.7,415.3,1438997,5986.21
2013-10-17,424.9,426,413.8,414.65,414.9,1396794,5843.87
2013-10-15,422.1,428.7,420,423.2,423.1,741927,3148.01
2013-10-14,430,431.85,420,420.35,421.9,1024542,4347.87
2013-10-11,437.2,437.2,428,429,429.2,569732,2456.28
2013-10-10,431,438.5,431,432.15,433,894958,3888.86
2013-10-09,432.5,437.8,429.5,433,431.6,1238140,5362.47
2013-10-08,441.9,443,434,434.3,434.7,546510,2388.35
2013-10-07,437.05,442.8,437.05,440.2,439.8,1036750,4565
2013-10-04,435,444.8,434.6,437.6,437.95,1437160,6336.71
2013-10-03,436.8,441.55,435,436.6,435.9,943945,4126.71
2013-10-01,432,435.9,430.65,432.3,431.9,488339,2114.57
2013-09-30,432,438.5,430.9,432,432.5,686309,2977.04
2013-09-27,437.9,439.9,432.1,435.15,434.3,696621,3033.36
2013-09-26,439,440.95,433.55,436.1,435.8,1041444,4541.83
2013-09-25,432.45,439.75,429,438,438.75,874221,3811.42
2013-09-24,422.3,435.2,422.3,433.1,431.95,1665360,7205.93
2013-09-23,428,435.15,423.65,425.05,425.95,1202592,5154.36
2013-09-20,437.75,444.95,421.65,429.5,430.05,2071797,8933.55
2013-09-19,445,445,430,439.4,439.7,1539956,6760.19
2013-09-18,433.5,440.8,433.5,438,437,971303,4249.98
2013-09-17,429,435,424,433.95,432.05,912502,3922.83
2013-09-16,445.85,450.4,428,431.05,430.55,1248660,5494.26
2013-09-13,436.9,443.95,436.9,440.95,441.55,787196,3476.37
2013-09-12,437.15,444.5,434.1,437.25,438.15,985827,4337.04
2013-09-11,439,442.85,428.5,435.35,433.75,1674548,7281.54
2013-09-10,441,446.7,436.8,440.7,440.9,1859689,8218.53
2013-09-06,420.25,440.8,419.15,440.5,437.05,2382882,10315.94
2013-09-05,424.5,425.6,417.25,418,418.6,826194,3471.84
2013-09-04,407,421.3,403.85,420.35,419.8,1481535,6168.03
2013-09-03,418.2,422,403.4,405.5,406.15,887841,3658.65
2013-09-02,418,424,414.05,416.8,417.85,932389,3915.09
2013-08-30,397.45,419.7,393,417.75,416.95,2873899,11839.62
2013-08-29,400,402,393.1,395.55,397.65,2000822,7965.38
2013-08-28,393.35,401,383.35,400,398.6,1776784,6980.47
2013-08-27,395,402.6,392.45,397.2,396.65,1389978,5519.47
2013-08-26,396.5,403.45,391.1,397,399.25,986582,3927.39
2013-08-23,402.8,404,392.5,396,396,1505564,5969.65
2013-08-22,391.9,403.2,389.2,401.85,401.4,1326156,5260.42
2013-08-21,404.9,406.25,391,393,392.7,1198064,4761.28
2013-08-20,397.9,407.95,391.25,401,402.2,1370434,5498.86
2013-08-19,415,419.7,395.05,398.8,400.2,1412434,5710.72
2013-08-16,420,425.75,412.5,415,414.7,1676509,6993.55
2013-08-14,424.9,429.8,419.55,420.2,420.4,1298053,5493.36
2013-08-13,418,427.5,414.35,424,424.85,1910148,8091.97
2013-08-12,427,428.95,413.6,415.8,415.5,3422954,14394.62
2013-08-08,391.75,413.9,381.65,412.7,409.4,3071245,12281.81
2013-08-07,393.7,395,384.35,390.05,390.35,925903,3611.18
2013-08-06,395.5,395.5,387,392.15,391.5,2161665,8445.18
2013-08-05,400,401.05,391.3,396,395.75,1054375,4159.25
2013-08-02,405.1,405.9,396.1,400.6,399.9,656648,2626.29
2013-08-01,401.85,408.4,396,403.25,403.35,677074,2730.12
2013-07-31,405.05,407.5,397.55,400.15,400.3,2371558,9509.76
2013-07-30,413.2,415.75,407.15,409.5,408.7,822828,3377.31
2013-07-29,413.15,416.9,408.75,413.05,412.25,1076847,4445.32
2013-07-26,410.4,416.3,409.8,414.5,415.05,1511816,6251.62
2013-07-25,418.3,419.85,405.4,409.6,409.3,1153706,4755.37
2013-07-24,409.15,416.95,407,416,415.3,939074,3871.54
2013-07-23,413.25,415,405,409.55,409.15,703021,2887.91
2013-07-22,412.1,417.8,410.15,411,411.55,566057,2345.78
2013-07-19,411,418.5,408.15,415.35,415.55,1230613,5111.14
2013-07-18,408.2,416.5,406.6,413,413.3,1120322,4630.88
2013-07-17,402.25,411,399.2,408.7,406.8,1203163,4864.68
2013-07-16,402,408.5,399.15,402.25,402.2,572326,2307.7
2013-07-15,408,409.55,405,405.6,407.7,671824,2738.77
2013-07-12,397.9,406.8,391.15,406.05,405.45,1574902,6314.89
2013-07-11,403.55,404.35,398.65,400.25,400,745692,2989.31
2013-07-10,400,405.45,398.3,400,400.1,661899,2660.19
2013-07-09,396.25,402.15,396.25,400,400.15,559483,2236.38
2013-07-08,397.9,403.25,395.55,396.35,396.5,972159,3876.12
2013-07-05,397.45,400.8,395.5,399.5,399.05,1123372,4479.04
2013-07-04,398.25,401.9,392.4,393.8,394.6,897272,3557.55
2013-07-03,395.4,399.75,393,397,396.95,992534,3939.47
2013-07-02,398,398.4,392.55,397,397.2,872981,3460.38
2013-07-01,391.05,398.75,389.35,398.75,397.75,1111324,4383.18
2013-06-28,389,393.5,385.5,391.05,391.95,1568530,6129.16
2013-06-27,381.4,390.6,379.7,387,387.7,1860142,7195.1
2013-06-26,380,381.5,377.6,380,379.6,1402616,5327.65
2013-06-25,380,381.5,375,380,379.4,1718172,6512.88
2013-06-24,380.8,382.7,372.2,380.2,380.1,1519576,5729.87
2013-06-21,380,382.3,374.6,382.05,381.3,2001208,7600.82
2013-06-20,376.8,382.8,373.05,378.8,379.1,2055603,7794.96
2013-06-19,379,382,376.05,380,379.5,997883,3781.62
2013-06-18,380.3,381.5,375.3,380,379.65,1270859,4808.7
2013-06-17,378.1,381.5,373.55,381.25,380.25,875560,3316.43
2013-06-14,379.9,381.2,372.75,378.3,377.9,2197305,8253.35
2013-06-13,382.9,382.9,375,379.2,378.5,1435428,5432.76
2013-06-12,381,385.45,380.25,384,384.05,2014328,7718.68
2013-06-11,371.6,381.25,371.6,381.1,379.9,1466111,5544.21
2013-06-10,373.35,376,369.6,374.05,374.2,1465436,5462.59
2013-06-07,373.05,375.4,371.5,373,373.3,1426740,5323
2013-06-06,375.5,380.1,374,374.95,375.55,1416392,5339.64
2013-06-05,376.05,377.2,369.6,376.2,375.55,2132512,7983.42
2013-06-04,369,380.1,368.8,376.45,375.2,1936385,7307.13
2013-06-03,371.55,375.7,364,369,367.55,1399483,5170.48
2013-05-31,383.5,384,368,372.5,370.55,2647020,9944.61
2013-05-30,392,403.35,381,382.75,383,7939979,30831.3
2013-05-29,396.5,403,392.75,400.2,401.7,2492144,9916.76
2013-05-28,399.7,406.95,396,396.5,396.3,1559336,6231.31
2013-05-27,408,409,399.4,400.75,401.5,838566,3379.87
2013-05-24,417,418,406.1,408.5,408.5,1107334,4528.12
2013-05-23,414.85,418,411.25,416.4,414.85,904509,3749.47
2013-05-22,419.8,422.4,414.25,415,415.7,597852,2497.14
2013-05-21,417.5,420.5,414.65,420,418.05,800809,3346.48
2013-05-20,426.95,426.95,416.05,416.5,417.35,976850,4103.49
2013-05-17,422,428,415.7,424.75,425.6,2126588,9009.75
2013-05-16,411,425,409,422.4,422.1,2601211,10933.54
2013-05-15,398.4,412.9,397.6,408.9,411.1,1604567,6516.1
2013-05-14,396.25,400.5,392.25,398.25,398.65,480898,1914.16
2013-05-13,400.05,406.4,394,395.05,395.05,1078667,4304.55
2013-05-11,400,403,397.95,402.15,401.8,169783,681.49
2013-05-10,397.85,398.95,394.15,398.6,397.55,1025051,4062.15
2013-05-09,405,407.8,398.7,399.9,400.05,1077931,4345.21
2013-05-08,409.85,412,404.5,405.7,406.05,1202178,4889.57
2013-05-07,406,409.7,403,409.3,408.05,906339,3695.4
2013-05-06,401,406.15,401,405.8,405.05,566516,2291.74
2013-05-03,410.95,411.1,399.05,401,400.65,989546,4004.14
2013-05-02,407.05,413.25,405.8,409.5,409.05,1002488,4106.12
2013-04-30,410.55,412.6,404.2,406.1,405.3,964246,3931.29
2013-04-29,410.85,413.85,405.1,407.05,407.5,919198,3778.64
2013-04-26,408,412.4,406.1,410,409.85,1064859,4361.52
2013-04-25,398.05,409.35,396.5,406,407,1646543,6640.62
2013-04-23,397,397.5,392.1,396,396,598218,2362.54
2013-04-22,401.5,404.6,396,396.9,397.25,735850,2932.73
2013-04-18,399.1,403.4,396.1,400.5,401.15,1271094,5099.39
2013-04-17,400,403.15,395,400,401.35,1568351,6278.18
2013-04-16,396.95,402,394.5,399.75,399.95,1184653,4722.05
2013-04-15,405,409.35,396.1,397,396.95,1218350,4903.33
2013-04-12,406,410.55,403.7,406,405.55,1277480,5205.55
2013-04-11,403,407,399.15,407,405.75,1652950,6675.02
2013-04-10,396.7,400.55,391.55,397.45,399,1191028,4712.95
2013-04-09,397.35,401,388.85,389.15,390.9,1128997,4472.9
2013-04-08,387.45,396.85,387,395.5,395,742653,2926.22
2013-04-05,383.5,390.25,382,386.1,386.85,786302,3041.25
2013-04-04,386.05,392,382,384,383.4,1236015,4790.69
2013-04-03,392.7,398.7,386.85,387.55,389.3,1640608,6454.58
2013-04-02,387.5,393.5,386,391.55,392.05,1219812,4757.22
2013-04-01,383.75,390,379.65,384.75,384.6,1254854,4841.9
2013-03-28,380.35,384.75,377.15,380.95,379.75,1880216,7156.92
2013-03-26,380.9,384.45,376.25,380.7,379.3,625109,2376.06
2013-03-25,385,386,379.6,380,380.4,967047,3691.72
2013-03-22,384.85,384.85,377.8,382,382,945182,3605.54
2013-03-21,390.05,394.45,381.2,381.7,382.55,896447,3474.3
2013-03-20,382,393.65,382,390.7,389.75,1801592,7032.69
2013-03-19,394.8,394.85,382,383.05,383.55,1396431,5406.51
2013-03-18,381.9,392.2,380,392,391.35,1245055,4830.05
2013-03-15,387.85,392.4,381.7,383.05,383.75,1295135,5010.62
2013-03-14,385.8,386.5,380.15,384.15,385.25,1063553,4082.06
2013-03-13,385,386,382.25,383.25,383.5,571576,2194.19
2013-03-12,389,395.4,386.2,387.6,387.35,417576,1626.32
2013-03-11,395,395.95,388.25,389,393.35,2453299,9650.52
2013-03-08,386.25,393,386.25,391.6,391.8,1288925,5030.9
2013-03-07,381.1,387.9,378.3,386.1,386.4,1250263,4815.75
2013-03-06,383,384,377.55,381.85,382,956825,3650.66
2013-03-05,373,385,369.3,378.75,382.3,2457482,9301.82
2013-03-04,370,373.4,363.4,371.5,371.6,1599432,5884.86
2013-03-01,358,372,354,370.75,370.1,1666456,6099.21
2013-02-28,367,370.2,355.75,358,359.85,3174611,11512.28
2013-02-27,362.9,369.8,362.3,362.8,364.15,1339909,4900.61
2013-02-26,371.6,371.6,359.5,362.9,361.5,1615878,5880.71
2013-02-25,382,382.9,369.25,369.4,370.4,1480380,5520.71
2013-02-22,379,385.6,378.6,380.65,380.7,2907761,11091.85
2013-02-21,381.1,384.6,378.1,382.3,381.8,2069458,7910.01
2013-02-20,388.9,388.9,381,382.4,381.6,1450610,5557.32
2013-02-19,379,388.45,379,388.25,387.6,1159275,4475.52
2013-02-18,381,385.5,378.5,379.8,379.8,1222225,4662.87
2013-02-15,379.8,383.75,375.05,382.2,381.7,1671122,6338.4
2013-02-14,388.1,388.95,380,383,381.7,1587057,6065.36
2013-02-13,393.45,395.6,385.3,387.9,387.85,1155959,4512.7
2013-02-12,396,397.55,390.5,392.9,393.15,1348089,5300.67
2013-02-11,382,396.25,378.65,394.6,395,2478271,9693.59
2013-02-08,393,393.05,378.5,380.25,380.65,4826509,18468.24
2013-02-07,396.6,400.45,392.5,394.9,394.1,7134955,28265.08
2013-02-06,408.7,409.8,401,402.75,405,4484347,18199.92
2013-02-05,402.95,409,398.6,408.4,407.3,2468796,9983.91
2013-02-04,415.5,417.55,401.4,403.2,403.45,3494416,14223.97
2013-02-01,407,415.15,407,415,414.4,1562599,6460.26
2013-01-31,407.2,410.8,405.5,407,407.05,3175669,12944.74
2013-01-30,399,408.6,396.05,407.5,407.75,2286887,9265.14
2013-01-29,399.15,405.85,395.65,397.4,397.9,1955552,7844.07
2013-01-28,398,404.4,398,400,399.65,759123,3045.43
2013-01-25,390.25,399.7,385.95,397.7,397.9,1752022,6942.76
2013-01-24,406.1,407.45,388.7,389.95,391.05,1368406,5412.73
2013-01-23,406,410.8,404.45,406,406.1,1517174,6189.37
2013-01-22,404,407.55,402.5,404.2,405.3,1193800,4843.38
2013-01-21,410.1,411.8,402.1,404.7,404,1340055,5426.38
2013-01-18,408.7,413.15,408.05,409.5,409.8,1809419,7422.16
2013-01-17,416,416.95,406.6,407.65,407.4,1493804,6117.16
2013-01-16,418.25,423.95,414.5,416.75,416.05,1360509,5725.4
2013-01-15,417.2,422.9,415.7,419,418.8,1540527,6462.95
2013-01-14,422,422,414.6,416.5,416.3,1573682,6553.99
2013-01-11,427.05,428.45,420,420.9,421.5,839019,3554.48
2013-01-10,430.1,431.8,424,424.8,425.45,1595163,6816.16
2013-01-09,432.9,435,426.25,428.95,428.4,2631466,11362.41
2013-01-08,426.8,431.9,423.85,430.95,429.5,3215124,13788.93
2013-01-07,419.9,429.7,417.6,424.7,424.35,2172227,9218.84
2013-01-04,420,421.5,415.25,416,416.15,1589431,6628.19
2013-01-03,421.1,422.3,416.05,417.35,417.85,1107370,4634.02
2013-01-02,419.8,425,417,420.5,420.45,2136297,9004.18
2013-01-01,416,420.8,415.5,417,417.45,727832,3041.18
2012-12-31,417.2,419.1,413.3,414.35,414.25,654260,2712.34
2012-12-28,418,421.85,415.45,416.4,416.4,702962,2936.23
2012-12-27,422.7,424.4,413.65,416.7,415.1,1538127,6418.48
2012-12-26,419.65,423.9,419.5,420.1,420.25,708327,2985.16
2012-12-24,421,424.2,415.25,418.9,418.75,972238,4086.76
2012-12-21,424.7,430.1,418.1,418.45,419.75,1318439,5602.12
2012-12-20,420,429.5,418.75,423.6,424.85,2775721,11811.71
2012-12-19,414.7,420.75,413.4,420,419.85,1840280,7693.5
2012-12-18,411,417,410.1,412.3,412.3,1254873,5188.2
2012-12-17,405.95,410.95,403,410.6,409.25,877337,3569.83
2012-12-14,407.25,410.5,402.05,402.9,403,1224616,4953.3
2012-12-13,416.25,418.2,404.95,407.3,406.9,947387,3891.5
2012-12-12,419.8,419.8,410.55,415.5,415.25,1429028,5924.97
2012-12-11,419.95,423,411.2,416.45,416.3,2524271,10542.17
2012-12-10,409,419,409,416.7,417.35,1913185,7952.27
2012-12-07,413.25,414.95,406.25,410.5,410.7,1278702,5250.86
2012-12-06,416.5,416.9,407.2,412,411.75,1409286,5782.82
2012-12-05,415,416,411.15,415,414.55,1245858,5158.59
2012-12-04,411.8,420.6,410.1,411.4,411.35,1667172,6903.87
2012-12-03,416.9,416.9,409.1,413.5,413.55,1311415,5415.92
2012-11-30,409.9,416.9,406.3,415,414.65,2875574,11829.92
2012-11-29,394,407.5,391.65,406.5,404.55,5320498,21403.9
2012-11-27,383,393.5,381.55,389.9,390.8,2350611,9157.69
2012-11-26,380.25,384.8,378.5,381.8,381.6,764393,2924.09
2012-11-23,387,387.4,378.6,381.7,381.7,974479,3718.8
2012-11-22,395.5,395.5,384.15,386.7,387.25,2337369,9112.87
2012-11-21,380,392.75,380,391.25,389.4,3367381,13032.84
2012-11-20,384,384.7,377.15,380,379.85,716283,2726
2012-11-19,381.8,384.7,378.95,383.3,382.7,1102346,4217.98
2012-11-16,387,390.45,377.85,378,379.55,1503725,5762.01
2012-11-15,393.7,398,386.05,389.5,388.8,1454577,5679.93
2012-11-13,393.8,395.25,392.15,394.25,394.15,171384,675.67
2012-11-12,393.55,396.4,391,391.5,392.05,574049,2255.23
2012-11-09,393.8,397.4,392.15,393.2,393.4,975854,3851.7
2012-11-08,393.7,400.5,390.1,393.35,393.4,1558177,6156.51
2012-11-07,397.7,400.95,393.1,396.25,396.35,2523892,10043.54
2012-11-06,394.5,398.9,389.05,396.3,396.85,9964130,39205.31
2012-11-05,379.4,386,377.2,381,380.2,3798873,14503.46
2012-11-02,379.5,380.95,375.5,377,377,2104477,7955.51
2012-11-01,365.1,376.25,365.1,375.85,375.3,1523764,5665.5
2012-10-31,356.8,365.3,354.95,364.9,363.3,1203379,4338.42
2012-10-30,358,359.25,353.2,354.6,354.65,573868,2042.28
2012-10-29,355.95,360.8,355.95,360.3,359.95,710576,2551.42
2012-10-26,360.5,362.5,353.1,355,354.95,780738,2779.39
2012-10-25,364.1,366.95,360.3,361.4,361.95,1741399,6310.84
2012-10-23,363.1,368.4,363.1,365.75,365.8,1058090,3875.06
2012-10-22,358,365.25,358,364.5,364.5,1104824,4020
2012-10-19,363,364.5,356.9,358.65,359.1,1235703,4449.28
2012-10-18,362.5,365.9,361.35,362.15,362.95,1166800,4236.11
2012-10-17,365.1,366.35,358.6,362,361.8,735921,2661.16
2012-10-16,370.55,370.95,361.6,363,363.1,1018357,3733.21
2012-10-15,362,370.1,360.8,370,369.75,1284811,4730.65
2012-10-12,361.9,366.1,361.25,363.35,364.1,1106140,4021.09
2012-10-11,369.25,370.4,357.35,359.4,360.25,2736262,9961.64
2012-10-10,372,376.5,365,366.05,367.3,1757299,6529.5
2012-10-09,369.8,374.5,367.65,372.6,371.9,1134986,4224.36
2012-10-08,364,371,363,366.8,367.4,1298736,4781.05
2012-10-05,369.2,370.8,320.3,364.2,364.25,4565990,16611.7
2012-10-04,379.9,382.25,363.9,364,366.05,4661063,17396.52
2012-10-03,379.5,385.45,379.05,381.85,381.05,2073432,7918.73
2012-10-01,382,387.2,378.2,379.75,378.9,1100715,4206.78
2012-09-28,369.6,382.1,365.1,380,380.1,3138518,11860.1
2012-09-27,375,375.95,369.3,372.1,371.45,1693677,6295.43
2012-09-26,363,374.7,363,372.5,373.45,2759519,10254.9
2012-09-25,355,365.6,355,363.35,363,3822261,13893.83
2012-09-24,360.1,364,352.5,356.5,355.6,3217311,11459.78
2012-09-21,361.2,366.95,358.3,360.5,361.3,3633903,13185.03
2012-09-20,363,364.3,356.8,360.95,360.9,2283728,8237.79
2012-09-18,369.7,373.95,363.9,363.9,364.75,1185503,4355.89
2012-09-17,369,371,357.3,369.05,369.7,3307433,12082.07
2012-09-14,375,375,366.75,369.15,369.3,2461131,9113.83
2012-09-13,379.5,379.85,366.35,369.1,369.6,4000689,14812.13
2012-09-12,392,392,377.85,378.8,379.5,2700739,10343.85
2012-09-11,387.9,391.95,387.05,389.1,389.55,1344010,5236.89
2012-09-10,394.95,395.4,385.25,386.8,387.15,2883138,11236.13
2012-09-08,385.1,393.8,384.9,393.8,391.25,601236,2339.15
2012-09-07,378,382.9,375.7,380.8,381.3,2121094,8059.39
2012-09-06,373.8,378.65,371.55,374.55,375,1184777,4453.78
2012-09-05,376.1,382.1,372.25,373.8,373.6,939283,3526.8
2012-09-04,384.9,384.9,378.1,379.25,379.75,1149112,4369.72
2012-09-03,377.25,386.55,377.25,382,384.8,2102747,8071.91
2012-08-31,372,383.1,371.95,376.5,376.45,3405168,12858.08
2012-08-30,368.7,374.9,365.6,372.8,372.3,2867423,10643.4
2012-08-29,369.95,372.85,365.75,366.95,366.45,1687287,6230.1
2012-08-28,370,371.75,362.5,368.8,367.75,1314100,4827.42
2012-08-27,367.7,371.95,364.85,369.3,368.15,998529,3688.56
2012-08-24,364,367.95,361.2,366.5,366.65,1811574,6623.98
2012-08-23,363.85,367.9,361.5,363.95,364.1,1848883,6751.32
2012-08-22,361.3,364,359,361,360.3,1371314,4954.51
2012-08-21,356.45,365.4,356.05,359.55,359.95,2452224,8851.27
2012-08-17,357,358.6,352.1,354.75,354.95,1742431,6194.68
2012-08-16,351.75,360.45,350.4,355,356,2587741,9240.19
2012-08-14,347.55,352.9,347.55,349.4,349.5,786725,2752.81
2012-08-13,346.65,352.95,346.65,349.75,349.9,740797,2596.79
2012-08-10,349.4,355.95,346.65,349.5,349.95,1006539,3536.39
2012-08-09,352.25,353.95,349.45,352,351.95,1178923,4148.74
2012-08-08,352.05,354.95,350.1,351,351.05,1206082,4250.6
2012-08-07,352.25,353.95,350.2,351.55,351.75,837285,2947.85
2012-08-06,354.65,354.65,350.05,351.35,351.45,755121,2658.41
2012-08-03,348.9,353.75,345,350,349.9,1776920,6225.65
2012-08-02,354,354,348.45,348.6,349.15,1868257,6540.8
2012-08-01,360,363.6,350.1,353.7,354,6571518,23408.78
2012-07-31,336,342.35,335.1,339.45,338.6,2641073,8963.39
2012-07-30,329,335.8,329,333.8,333.15,1135243,3788.17
2012-07-27,329,330.5,325,326.9,326.5,514074,1682.65
2012-07-26,330,332.2,325.1,327,327.6,1712900,5633.93
2012-07-25,327.1,329.7,324,328.2,328.15,1222772,3979.56
2012-07-24,329.4,330.1,324.4,325.85,325.9,681402,2222.33
2012-07-23,324.15,329.4,324.15,328.6,327.95,801928,2615.98
2012-07-20,332.1,332.75,324.75,327,325.65,468739,1536.03
2012-07-19,331.3,335,331.3,332,332.55,606579,2019.62
2012-07-18,334.1,334.75,328.05,329.25,329.9,710533,2344.25
2012-07-17,334,337.5,329.75,332.9,331.9,1042014,3477.82
2012-07-16,328.05,335.65,328.05,332.95,332.95,1041425,3473.33
2012-07-13,326.9,332.45,326.5,329,328.85,1489295,4919.2
2012-07-12,324,327.75,324,326.25,326.45,894092,2911.79
2012-07-11,328,328,323.5,326,324.95,919965,2984.25
2012-07-10,321.05,329.25,321,326.05,327.4,1516731,4939.19
2012-07-09,326.85,328.15,321.8,322.15,322.95,482683,1564.48
2012-07-06,325.1,329.7,322.4,327.85,327.9,1255086,4110.51
2012-07-05,314.8,325,314.4,323.2,324.45,1301985,4199.96
2012-07-04,318,318.85,315.3,315.85,316.25,437634,1386.89
2012-07-03,315.6,319.5,313.3,314.5,314.05,849875,2690.87
2012-07-02,316.25,319.8,313.7,313.7,315.45,1064183,3383.66
2012-06-29,309.5,317.9,309.15,315.6,316.55,2159352,6805.48
2012-06-28,309.95,310.05,306.25,306.5,308,1037836,3202.32
2012-06-27,309,310.5,305.75,309,308.45,737342,2273.02
2012-06-26,306.25,311.5,305.75,308.8,308,1211155,3740.94
2012-06-25,315.8,316,305,306.05,306.25,744627,2315.71
2012-06-22,309,316.9,308.55,313.75,313.75,825032,2594.54
2012-06-21,309.4,311,308.15,310.25,310,530095,1639.86
2012-06-20,310,310.75,307.35,309.75,308.7,891021,2759.64
2012-06-19,307.2,310.15,306.6,310,309.95,1410524,4368.81
2012-06-18,310,312.45,304.5,306.2,305.5,767775,2354.82
2012-06-15,305.55,310.75,304,309.1,308.45,1910992,5895.83
2012-06-14,303.8,308.25,303.1,305.75,306.65,956446,2923.84
2012-06-13,306,306.75,302.6,303,303.25,2002747,6114.73
2012-06-12,300.55,305.15,300,304.5,304.2,1042642,3161.47
2012-06-11,309.9,311.1,301.05,301.1,301.8,1222161,3721.08
2012-06-08,302.35,310,301.05,308.55,309.2,920120,2817.83
2012-06-07,311.75,312.25,307,307.6,308,579491,1792.46
2012-06-06,311.3,311.9,307.5,308.7,309.15,938541,2902.83
2012-06-05,305,310.2,304.65,309.15,309.75,832799,2569.2
2012-06-04,307.7,307.7,303.05,304.5,304.6,397437,1209.75
2012-06-01,310.7,311.3,306.6,308,308.55,1007264,3113.69
2012-05-31,306,311.45,303.8,308.5,309.9,2356059,7294.21
2012-05-30,310.4,311.35,305,306,306.3,758573,2339.56
2012-05-29,315.3,316.1,308.1,310.5,310.3,1474569,4596.66
2012-05-28,310,315.6,309.45,314.1,313.55,534748,1675.57
2012-05-25,310,310.7,307.1,308.85,309.3,505242,1558.84
2012-05-24,310.4,312,308.05,309.8,309.65,668709,2071.59
2012-05-23,312.35,314.2,307.65,310.8,309.95,871363,2707.12
2012-05-22,315.95,316.5,310.75,312.25,311.55,859193,2689
2012-05-21,315,318.4,312,312.1,312.45,662807,2077.71
2012-05-18,312.7,318.6,309,318,316.35,936240,2934.9
2012-05-17,323,325.2,311.5,313.6,314,2394051,7541.77
2012-05-16,322,325.55,320.05,322,321.8,871437,2807
2012-05-15,319,327.55,318.8,324.6,324.75,1133689,3681.76
2012-05-14,318.7,322.65,312.85,322,320.4,1039803,3305.03
2012-05-11,328.9,331.2,316,317,318.9,1542531,5011.82
2012-05-10,326.95,331.15,320.6,324.95,326.4,2621395,8588.87
2012-05-09,324,326.55,317.05,324,322.9,1228030,3945.85
2012-05-08,327.9,329.4,321.6,325.8,325,2100908,6842.85
2012-05-07,330,331.3,326,328.4,327.55,3128065,10263.93
2012-05-04,319.15,329.6,319.15,326.7,326,4511925,14731.88
2012-05-03,320,322.9,315.75,317.5,317.65,1289672,4124.37
2012-05-02,312.25,318.9,310.35,318,318.05,1568155,4933.04
2012-04-30,310.9,314.7,310.9,312,312,2006375,6262.1
2012-04-28,312.25,312.75,309.65,311.9,310.8,18949,58.88
2012-04-27,308.1,312,306.6,310.85,310.55,1100954,3419.32
2012-04-26,314.8,315.4,305,306.7,308.55,1778499,5528.69
2012-04-25,315.9,318.1,311.65,312,312.1,887751,2785.14
2012-04-24,318.7,318.7,312.65,313,313.85,571537,1806.19
2012-04-23,323.95,324.95,314.5,315.05,315.3,745472,2377.89
2012-04-20,320.9,323,318.3,321.55,321.85,1324004,4257.13
2012-04-19,314.95,321.7,314.3,319.8,319.8,973969,3108.91
2012-04-18,314.25,319.75,313,313.25,313.95,878193,2776.2
2012-04-17,316,316.6,313.1,314,314.05,1106571,3481.68
2012-04-16,312.05,317.6,311.5,313.1,312.45,433148,1361.15
2012-04-13,314.7,315.9,312,314,314.05,1367848,4295.28
2012-04-12,311.3,316,310.25,311.05,311.95,1661288,5191.59
2012-04-11,310.9,313.75,309.2,310,310.15,1154930,3594.97
2012-04-10,313,313.95,307.8,311.25,311,865847,2693.58
2012-04-09,303,312,302.2,310.95,310.6,782999,2407.66
2012-04-04,308,311.5,305,305.8,305.65,475752,1460.91
2012-04-03,311,313.8,310,310.75,311.55,1018547,3180.23
2012-04-02,305,309.95,304.05,309.25,309.15,444510,1370.36
2012-03-30,301.2,305.95,300.5,304.75,305.1,695442,2116.07
2012-03-29,299.9,301.7,295,298,299.25,1258331,3751.35
2012-03-28,300,303,298.1,301.65,300.45,1815715,5444.6
2012-03-27,293.9,303,291,300,299.95,9810527,29245.97
2012-03-26,301.2,301.2,286.3,289,289,4507034,13337.82
2012-03-23,298,302.85,297.1,301.1,301.2,1408089,4238.01
2012-03-22,306.55,306.55,298,298.3,299.6,1025331,3101.49
2012-03-21,306,308.9,302.6,306.05,306.95,741547,2268.7
2012-03-20,301.5,306.5,301,305.5,305.35,740948,2256.78
2012-03-19,304.35,304.75,300,301.5,301.35,510642,1542.64
2012-03-16,308.1,310.5,300.25,301.9,302.2,720011,2210.94
2012-03-15,311.4,311.4,306.5,307.1,307.8,407449,1256.7
2012-03-14,309.95,313,309,309.65,309.85,4585070,14223.95
2012-03-13,305.25,309.35,303.1,308.9,307.8,884064,2700.61
2012-03-12,311,311.1,300.6,302.6,302.5,3205351,9689.23
2012-03-09,311,311.5,307,309,307.55,1291983,3992.96
2012-03-07,306.35,310.6,303.6,309.6,309,1856834,5710.13
2012-03-06,314.95,314.95,304.5,306.35,306.35,1648717,5086.85
2012-03-05,312.4,314.95,310,313.1,313.05,482920,1511.73
2012-03-03,313.1,313.3,310.7,312.2,312.4,137807,430.37
2012-03-02,318.9,318.9,314,314.7,315.5,1129556,3566.21
2012-03-01,318.9,320,311.35,316.15,315.15,1201944,3806.93
2012-02-29,321,325.95,316,316.5,316.95,1252248,4014.21
2012-02-28,315,322.3,314.15,319,319.2,1173064,3737.4
2012-02-27,317.9,320,311.3,314,313.55,1423323,4505.47
2012-02-24,316.05,319.15,313.1,313.6,313.9,1081680,3404.36
2012-02-23,317,322,313.1,315.3,315.3,2104238,6648.36
2012-02-22,323,324.65,316.35,319.2,318.1,1137084,3635.04
2012-02-21,323.7,325.9,321,321.9,321.95,764907,2470.67
2012-02-17,327.9,328.35,319.3,322.9,321.75,1768936,5714.36
2012-02-16,318,329,316.2,325.5,325.15,2001270,6501.06
2012-02-15,325.5,326.9,316.9,319,318.4,3535742,11394.95
2012-02-14,336.55,336.55,320.1,321.7,321.2,5296934,17239.84
2012-02-13,353.3,353.3,339.1,341.1,342.1,1501856,5146.41
2012-02-10,352.4,353.75,346.6,349.35,349.75,1348441,4723.53
2012-02-09,350.25,355.85,350.25,352.5,352.4,1110970,3919.01
2012-02-08,354.45,356.3,348.1,352,352.25,1007241,3554.23
2012-02-07,359.95,359.95,351.1,353.8,353.75,1164332,4126.58
2012-02-06,350.7,355.05,348,351.95,352.85,1529667,5380.37
2012-02-03,341,347.8,340.3,344.5,345.15,1054585,3637.53
2012-02-02,349.05,350.1,338.1,342,340.35,1340236,4598.34
2012-02-01,350.25,354.7,347.4,349,348.85,1192931,4181.9
2012-01-31,344.9,352.8,339.65,351,350.25,1068217,3700.01
2012-01-30,343.1,348,339.7,340.85,341.45,1011443,3472.27
2012-01-27,346.4,348.4,341.35,344.6,345.55,1135637,3930.37
2012-01-25,345,346,340.7,342.5,342.3,756243,2591.47
2012-01-24,342.05,346.45,341.25,344.05,344.6,1602434,5518.5
2012-01-23,340.75,343.9,337.9,342.1,341.65,1177690,4027.89
2012-01-20,333.5,340.5,331.5,340,337.85,933672,3130.7
2012-01-19,335,335.95,328.7,333,332,1101256,3650.98
2012-01-18,338,343,331.05,331.05,332.4,969633,3257.92
2012-01-17,332.5,340.5,331.5,339,338.3,786285,2657.02
2012-01-16,335.55,337.25,331.6,331.9,332.45,594867,1981
2012-01-13,340.65,342.35,334.5,337.25,338.5,761454,2582.11
2012-01-12,340,345,337.9,341.45,338.95,794478,2709.42
2012-01-11,346.95,347.65,340,340.1,340.55,1091338,3729.12
2012-01-10,345,349.2,343.5,346,345.8,1198771,4156.61
2012-01-09,335.45,346.5,333.25,346.25,344.65,2368862,8075.2
2012-01-07,338.55,339,335,336,335.8,42467,142.82
2012-01-06,335.5,338.95,332.3,338.95,338.45,764727,2568.31
2012-01-05,330.85,338.2,330.85,334.95,335,1446292,4850.53
2012-01-04,328,332.15,325.35,330.7,330.85,1239328,4095.39
2012-01-03,322.7,329.35,322.2,328.55,327.95,819196,2673.35
2012-01-02,320.9,324.15,316.5,321,320.75,550952,1773.79
2011-12-30,322.3,325.55,318,319.15,319.9,1210890,3902.92
2011-12-29,322,324.9,319.8,324,321.45,1235842,3980.02
2011-12-28,317.35,324.4,315,324,322.35,1122107,3595.81
2011-12-27,328,328.45,319.1,320,319.9,1190651,3839.59
2011-12-26,329,331.95,326.65,328,328.55,440101,1450.5
2011-12-23,335.95,335.95,328.1,330.15,330.6,726169,2400
2011-12-22,332.45,337.4,330,333,333.05,842722,2806.74
2011-12-21,330.2,335.8,325.6,333.6,333.35,1694875,5593.86
2011-12-20,332.8,334.85,326.7,329.5,328.8,847263,2803.87
2011-12-19,331.7,336.9,326.1,330.85,332.8,2012608,6700.83
2011-12-16,330,340,325.4,329,331.7,1888200,6322.6
2011-12-15,323.7,330.75,321.5,329,329.45,1809587,5940.9
2011-12-14,328.95,333.5,324.4,325.1,326.55,1375455,4539.43
2011-12-13,322.85,329.85,321.6,328.85,329,1003840,3290.97
2011-12-12,325.65,326.65,320.55,324.9,323.85,741997,2395.92
2011-12-09,325,329,323.9,325.15,325.65,968288,3161.35
2011-12-08,323.05,330.35,321.35,330,328.25,1255901,4101.71
2011-12-07,330.5,330.5,322.5,325.05,325.05,1497033,4878.39
2011-12-05,331,332.5,328.55,331,329.3,659712,2178.61
2011-12-02,329.95,332.65,328,330.2,331,1140724,3773.51
2011-12-01,332.25,334.05,326.05,329.95,329.9,1424873,4701.58
2011-11-30,325,329.4,324,327.6,328.05,1272622,4162.94
2011-11-29,326.45,329.5,325.1,326.3,326.8,1301001,4258.24
2011-11-28,317.1,325,317.1,325,324.65,1332447,4312.35
2011-11-25,314.5,323,313.25,316.5,315.9,1552974,4949.62
2011-11-24,313.8,319.25,308,315.5,314.45,1138590,3573.81
2011-11-23,315.45,319,312.05,312.15,313.7,1696679,5353.86
2011-11-22,310.15,318.2,310.15,317.15,316.7,1228521,3881.23
2011-11-21,317,317.7,307.3,310.05,309.5,1727095,5415.71
2011-11-18,311,318.45,310,313,314.1,2029913,6399.41
2011-11-17,310.5,320.7,309.5,311.05,310.8,2492271,7845.83
2011-11-16,308,313.45,305,311.2,310.5,2683485,8317.27
2011-11-15,295,308.6,293.4,306.25,306.85,7112668,21659.53
2011-11-14,289.45,291,285.5,288.7,288.1,973134,2803.65
2011-11-11,286.55,289.2,284,287.9,286.9,1307991,3752.62
2011-11-09,292.85,292.85,287.05,287.8,288,391721,1130.58
2011-11-08,293.5,293.95,289,289.6,290.9,297449,865.68
2011-11-04,292.4,294.85,291.5,293.9,294.1,523145,1535.24
2011-11-03,290.15,292.35,287.6,291.75,291.05,927129,2696.47
2011-11-02,288.95,290,286.35,289,289.85,2896907,8386.09
2011-11-01,292.35,295.75,287.3,289,289,2449813,7080.66
2011-10-31,299.2,299.2,292.05,295.4,295.4,739899,2179.3
2011-10-28,298.9,300,294.05,297.75,297.6,1146804,3408.8
2011-10-26,294,294.5,291.15,293.3,293,145263,426.12
2011-10-25,292.35,294.6,287.2,293.55,288.5,2941452,8484.57
2011-10-24,288.4,290.8,287.8,289.2,289.1,463472,1341.18
2011-10-21,288.95,289.6,286.2,287,286.9,1327476,3813.3
2011-10-20,288,290,285.6,288.65,288.8,865538,2496.25
2011-10-19,288,291.45,286,290.75,288.9,2735464,7865.87
2011-10-18,286.55,289,285,286.15,286,1961097,5613.64
2011-10-17,289,290.9,284.1,290.25,289.8,1533751,4417.2
2011-10-14,288,291.25,283.05,289.35,287.5,2068403,5936.32
2011-10-13,287.7,290.2,285.5,290.2,287.75,661663,1899.35
2011-10-12,283.15,286.95,281.5,286.5,286.3,756934,2159.81
2011-10-11,285.5,286.9,279.55,281,280.75,1364283,3855.64
2011-10-10,285,288.65,280.8,282.3,282.55,1340422,3805.09
2011-10-07,285,289.85,283.15,284.2,285.1,1048259,3011.94
2011-10-05,282,283.65,278.1,283.15,281.15,1009809,2830.92
2011-10-04,284.75,287,278.65,280,279.85,773286,2179.97
2011-10-03,280.05,287.25,276.15,286.05,284.35,836310,2349.23
2011-09-30,288.45,288.8,277,284,281.35,1002433,2836.64
2011-09-29,287.65,290,284,288.5,288.35,1105889,3183.86
2011-09-28,289.4,289.4,282.9,288.45,287.65,990180,2832.49
2011-09-27,289,290,284.6,285.6,285.85,698612,2004.43
2011-09-26,286.5,288.75,280.75,286.55,286.95,1029803,2939.87
2011-09-23,277.75,286.3,277,283.55,283.85,1396370,3939.07
2011-09-22,281,284.2,276.35,277.65,277.75,876968,2460.56
2011-09-21,282.35,285.9,281,283.75,283.5,680118,1929.58
2011-09-20,278.65,283,277.05,282.3,282.4,928700,2611.98
2011-09-19,283.5,283.5,274.65,277.05,277.25,1715520,4756.65
2011-09-16,284,287.85,281.55,282.5,282.7,706838,2009.35
2011-09-15,284.5,285,281.3,284.8,284.05,603352,1708.18
2011-09-14,289.9,290.75,281,282.65,282.2,1619641,4593.12
2011-09-13,293.7,299.6,286.1,286.55,287.1,1919198,5643.94
2011-09-12,286.45,292.8,281.9,289.3,291.4,1787978,5158.62
2011-09-09,293.5,294,286,287.4,287.35,1635398,4741.21
2011-09-08,285,292.95,282.55,292.65,291.5,1226712,3530.95
2011-09-07,278,284.45,276.2,283.85,283.5,1282518,3601.03
2011-09-06,274.5,277,272.85,276,276.05,791743,2180.91
2011-09-05,279.75,284.15,273.05,273.85,274.5,1578501,4373.8
2011-09-02,289.1,289.9,277.55,280.7,279.8,1878819,5278.67
2011-08-30,277.4,282.45,277.4,280.1,280.7,1206185,3377.9
2011-08-29,280,282.6,274.2,279.55,279.1,934052,2599.64
2011-08-26,281,283.8,274.3,279,277.2,815774,2279.66
2011-08-25,283.5,285,278,280.3,279.85,1543896,4329.67
2011-08-24,283,287.6,280.05,281,281,1502948,4261.98
2011-08-23,291.5,292.45,280.7,282,282.2,1635742,4625.73
2011-08-22,286,291.95,278.75,291.5,290,1106711,3135.89
2011-08-19,277.55,287.6,274.5,286.5,285.05,1531095,4290.73
2011-08-18,291.5,291.5,282.9,285.55,284.5,792200,2278.97
2011-08-17,288.95,291.4,281.15,291.2,289.6,1048823,2992.99
2011-08-16,296.85,296.85,281.1,285.8,285.35,917021,2648.65
2011-08-12,298.5,298.5,291.65,292.5,293,1230527,3625.01
2011-08-11,298,303.35,291.6,295.25,293.9,1110907,3289.26
2011-08-10,297,300.4,293.35,299.95,298.8,1854213,5509.49
2011-08-09,299,299,290,290.75,292.4,2647287,7789.39
2011-08-08,303.9,309.2,298.1,303.9,304.2,1317365,4007.52
2011-08-05,303,312.1,296.5,307.3,308.3,2018495,6171.99
2011-08-04,313.6,315.45,305,306.2,306.6,835136,2583.01
2011-08-03,310.8,314.6,310,313.5,313.3,649365,2028.74
2011-08-02,307.5,315,305.5,314,313.55,1343721,4180.54
2011-08-01,310,310.5,305.6,307.1,306.9,403072,1238.69
2011-07-29,309.4,310.4,305,307,306.6,1110033,3412.73
2011-07-28,311,312,307.15,307.4,308,1830649,5647.53
2011-07-27,312,314.45,307.3,312,311.2,1295582,4027.45
2011-07-26,318,318.95,311,311.5,311.7,860383,2702.45
2011-07-25,323.5,323.5,315,316.5,316.95,1236691,3924.49
2011-07-22,319.75,323,316.25,322.5,321.45,869331,2777.63
2011-07-21,316.55,317.8,312.5,315.3,316.05,1711669,5394.83
2011-07-20,320,320.95,315.05,316.55,317.65,917360,2907.69
2011-07-19,320,320.5,316.3,319.05,319.05,1175581,3738.58
2011-07-18,323.5,324.05,314.45,317.1,317.05,3285461,10402.64
2011-07-15,329,330,322.5,324.5,324.1,1029496,3337.28
2011-07-14,322.15,330.65,321.5,328.35,329.1,703778,2305.59
2011-07-13,324.1,325,318.4,324.05,322.95,897243,2892.08
2011-07-12,325.2,327.95,319.75,322,322.6,1045989,3376.93
2011-07-11,334.95,334.95,327.05,327.25,328.2,543641,1797.41
2011-07-08,336.15,337.95,331.45,332.4,332.6,488170,1639.04
2011-07-07,329.4,335.5,327.1,334.85,334.75,624035,2075.79
2011-07-06,330,331,325.5,327,327.45,375460,1234.35
2011-07-05,330,333,326.65,327.3,327.95,490638,1614.28
2011-07-04,327.55,332.8,327.55,330,329.95,569271,1880.99
2011-07-01,330.7,331.5,325.25,327,326.9,357118,1169.43
2011-06-30,331.6,335.8,324.5,329,331.05,2509477,8277.53
2011-06-29,330.8,334.5,329.35,332.4,332.2,1522486,5055.29
2011-06-28,331.5,336.3,328.6,330.95,331.35,925087,3075.65
2011-06-27,329,334,322.45,331,331.3,892242,2951.61
2011-06-24,316.55,329.8,316.5,325.55,326.75,1467053,4773.03
2011-06-23,320.6,321.05,314,316.5,316,1474766,4667.18
2011-06-22,317,323.7,315.5,322.35,322.7,787196,2508.79
2011-06-21,318.4,319.2,312.7,316,315.95,1277281,4032.25
2011-06-20,326.65,329.7,310.1,316.4,317.6,1809566,5756.56
2011-06-17,330.5,332.15,324,329,328.4,572793,1880.68
2011-06-16,332,334.95,327.5,330.15,329.6,1028314,3399.16
2011-06-15,335.2,336.8,332,334,333.05,1120164,3736.06
2011-06-14,340,340.95,334.3,334.45,335.4,1341901,4524.55
2011-06-13,332,341.8,330.6,340,339.9,1859632,6305.8
2011-06-10,336,337.45,330.1,332,332.45,662065,2207.85
2011-06-09,335,337.95,332.2,335.35,335.6,390171,1307.77
2011-06-08,335.9,337.6,329.7,335.15,334.95,567554,1898.24
2011-06-07,331.5,339,331,337.85,337.6,2421958,8172.75
2011-06-06,325.95,332.5,324,332,331.7,1655179,5460.43
2011-06-03,328,328.8,323.35,325.85,324.6,492898,1605.9
2011-06-02,324,333.5,324,325.6,325.2,1433409,4716.43
2011-06-01,326.05,328.5,324.25,325.7,327.25,644602,2103.93
2011-05-31,334.9,334.9,324.4,325.35,326.05,2143111,7008.22
2011-05-30,319,331,319,330.55,329.5,1490087,4868.82
2011-05-27,318.65,324,317.3,319.3,318.85,927631,2968.06
2011-05-26,312.7,323.95,308,317.7,320.35,3108874,9870.77
2011-05-25,313,315.7,311.1,312,311.95,473800,1486.86
2011-05-24,312.8,314.75,309.15,314,313.95,851889,2668.63
2011-05-23,315.9,316,305.1,310,310.1,1264900,3916.95
2011-05-20,307.05,316.7,305.5,315.85,315.5,700623,2194.13
2011-05-19,304.75,307.7,304.4,307.5,306.8,339286,1038.34
2011-05-18,308.9,308.9,303.55,305,305.25,795153,2424.48
2011-05-17,306.8,308.8,303.65,305.55,306,487160,1491.49
2011-05-16,309.3,309.7,302.2,304,304.3,1284416,3902.94
2011-05-13,303.8,312.5,300.1,312,308.2,2078679,6338.48
2011-05-12,304,305.35,302,303.6,303.85,456815,1386.58
2011-05-11,304.95,307.1,303.6,304,304.5,492997,1506.43
2011-05-10,304.5,306.6,302.25,305.45,304.75,422029,1286.19
2011-05-09,305.3,307.9,302.4,302.45,303,1621129,4921.48
2011-05-06,299,311.75,295.5,305.65,305.55,1998125,6117.88
2011-05-05,309,309,300,302.1,303.65,901442,2740.38
2011-05-04,309.7,313.7,305.5,308.35,309.2,826435,2557.99
2011-05-03,312.2,315,309,309,310.3,671267,2090.1
2011-05-02,312.5,315.85,310.05,314.4,314.9,485952,1523.24
2011-04-29,311,312.6,305.55,310,309.5,1790789,5532.22
2011-04-28,316,319.9,304.65,311.5,308.9,1930464,5987.18
2011-04-27,318.5,320.2,315.55,318.9,319.35,582802,1855.9
2011-04-26,319.95,321.7,312.5,316,317.7,670265,2124.05
2011-04-25,320,323.95,318.75,319.1,319.75,494776,1586.27
2011-04-21,322.25,323.4,318.2,320.9,321.5,702285,2256.69
2011-04-20,319.2,323.8,316.2,321,322.05,708840,2265.42
2011-04-19,315.1,320.95,313.6,318,317.8,465402,1478.35
2011-04-18,321.9,321.9,313.6,317,316.6,735023,2334.46
2011-04-15,325,325,320,320,321.65,687572,2215.72
2011-04-13,319.25,325,317,323.55,324.25,1129432,3647.04
2011-04-11,318,321.9,317.5,319.1,319.45,973892,3112.46
2011-04-08,323.25,323.25,317.05,318.4,318.05,959923,3054.99
2011-04-07,320.5,322.45,319.4,320.8,320.45,641702,2055.5
2011-04-06,322,326,318.2,320.3,319.95,1374425,4416.73
2011-04-05,318.5,322.25,317.25,321.05,321.2,826522,2642.94
2011-04-04,323.7,323.7,315.25,315.65,316.15,1267899,4008.9
2011-04-01,322.9,326.45,317.2,319.9,319.85,1310131,4195.87
2011-03-31,329,329.25,318.4,324.5,321.65,2717130,8741.47
2011-03-30,313.6,332.75,313.25,323.7,327.85,1611381,5211.4
2011-03-29,308.1,316,306.5,314.5,314,1016484,3167.02
2011-03-28,308.5,312.75,302.15,309,308.1,2006325,6155.36
2011-03-25,306.5,309.95,304.6,308.55,307.6,1190776,3647.72
2011-03-24,304.85,306.5,302.4,306,305.95,716604,2190.97
2011-03-23,293,306,292.8,305.95,303.95,1365504,4094.25
2011-03-22,288.3,293.8,288.2,292.9,291.6,2032750,5921.19
2011-03-21,294.1,295.5,286.05,287.95,287.75,928949,2693.43
2011-03-18,301.5,301.85,289.75,293,293.05,1955596,5725.36
2011-03-17,295,300,294,298.15,298.15,703456,2097.34
2011-03-16,298.5,303.45,295.3,296.4,296,965062,2888.81
2011-03-15,296.55,301,292.15,298.5,297.65,1730529,5127.25
2011-03-14,295,301.55,291.3,301,300.1,860558,2548.04
2011-03-11,298.75,300.65,289,296.15,295.25,1732461,5116.96
2011-03-10,303,303,298.2,300,299.9,910790,2731.8
2011-03-09,308,309.4,300.1,301,301.5,1853817,5615.5
2011-03-08,309.4,309.4,306,307.1,307.4,1343011,4130.1
2011-03-07,304,306.75,302,305.85,305.3,1168347,3559.27
2011-03-04,310.45,310.8,303.2,303.55,304.15,1862924,5703.64
2011-03-03,306.25,309.25,303,304.9,305.8,1978911,6061.34
2011-03-01,300,306.4,300,305.95,305.9,1219413,3714.29
2011-02-28,302,305,298.15,299.8,299.65,814837,2460.24
2011-02-25,301.9,307,299.05,300.8,301.65,1527706,4648.12
2011-02-24,300,305.85,295.65,300,298.7,2313090,6949.01
2011-02-23,305,307.9,302,302.1,303.15,1016685,3109.14
2011-02-22,305.1,306.3,302,305.25,305.2,1019667,3101.51
2011-02-21,308,309.3,304.15,305.55,306.2,1014326,3104.26
2011-02-18,306,311.95,305.55,307.3,307.25,2018104,6221.53
2011-02-17,306,307.2,302.2,305.35,305.2,963579,2939.22
2011-02-16,311.9,313.7,304.95,305.9,305.8,873172,2692.42
2011-02-15,315,317.7,307.5,309.9,309.85,974648,3027.71
2011-02-14,313,318.65,310.1,313.1,313,504557,1589.27
2011-02-11,312,313.5,306.95,310.55,311.15,780201,2416.59
2011-02-10,312,315,296.3,310.95,310.7,2212388,6769.78
2011-02-09,317.5,318.4,308.8,311,311.6,1820152,5734.54
2011-02-08,318.8,322.4,314.65,317,316.8,1192460,3798.29
2011-02-07,313.1,319.9,308.5,315.85,314.55,2238367,7027.76
2011-02-04,329.4,329.4,322,322.4,324.3,2033304,6623.2
2011-02-03,324.4,332.85,324,329.5,329.4,1111962,3668.77
2011-02-02,332.55,334,322.45,323.05,325.5,1167093,3818.31
2011-02-01,332.5,334.6,327.25,328,329,663464,2189.22
2011-01-31,334,336.7,326,332,332.15,1470117,4895.33
2011-01-28,340.1,340.9,324.75,334.25,335.1,2036442,6741.9
2011-01-27,348.8,349.5,332.4,333.5,333.45,1991066,6710.99
2011-01-25,349.9,351.9,341.1,346.05,343.15,575872,1994.24
2011-01-24,353.05,356,347.5,347.6,348.5,569047,1998.48
2011-01-21,347.15,355,345.25,353,354,856676,3006.77
2011-01-20,347.2,353.2,344,352,351.35,859912,3001.87
2011-01-19,355.75,359.5,350,352.5,351.55,1405651,4991.91
2011-01-18,347.55,357,347.4,355.75,354.6,1447030,5122.77
2011-01-17,341,348.1,337.5,347.95,346.8,1386575,4782.29
2011-01-14,344.5,355.4,338.05,339.85,339.5,1202286,4164.49
2011-01-13,348.5,350,339.35,345.35,344.5,1042736,3592.86
2011-01-12,350,351.8,338.1,346.9,346.8,1372041,4740.89
2011-01-11,350.05,354.9,344.05,350,346.65,1196018,4156.84
2011-01-10,357.05,357.35,345.6,348.95,348.1,794175,2783.14
2011-01-07,363.55,369.95,353.25,354,357,901911,3283.04
2011-01-06,377.25,378.15,361.25,363.65,363.6,2097557,7660.36
2011-01-05,378.8,379.85,373.4,375.7,376.35,1056769,3979.8
2011-01-04,375,381,370.05,377.25,379.25,1826723,6879.88
2011-01-03,370.9,376.5,367.55,373.05,372.5,1385467,5158.29
2010-12-31,370.05,371.9,368.1,369.3,369.8,540435,1999.52
2010-12-30,367.4,371.8,363.55,369.05,369.05,1181554,4349.63
2010-12-29,368.55,371.05,363.7,367.4,366.65,823125,3021.28
2010-12-28,372,374.25,366.3,372.05,371.15,1821832,6767.22
2010-12-27,364,371.9,363.85,371,370.1,1189445,4375.12
2010-12-24,359,366.9,355.1,365,363.7,798349,2885.26
2010-12-23,361.05,364.45,358,359.75,359.7,605999,2184.55
2010-12-22,368,368,357,361.35,361.8,959250,3464.64
2010-12-21,368.8,371.75,363.75,365.1,366.6,1227905,4524.93
2010-12-20,357.6,368.1,357.3,367,365.75,2001522,7258.02
2010-12-16,355,358.8,349.25,358.05,356.7,743954,2623.25
2010-12-15,357.5,359.6,349.15,356,354.5,951023,3361.03
2010-12-14,358,362.35,355.55,358.6,359,1116925,4013.72
2010-12-13,348,360,347.5,356,355.4,1878412,6683.01
2010-12-10,350.5,366.95,337,346.95,347.45,3581551,12689.7
2010-12-09,368.95,370,346,350,349.9,1592776,5636.98
2010-12-08,370.95,373,366.65,367,368.65,1254106,4638.3
2010-12-07,371,373.65,363.75,372.75,371.35,1250421,4612.61
2010-12-06,375,379.8,368.2,369.9,370,1919944,7189.62
2010-12-03,365.9,375.4,363.9,370.05,370.25,3143948,11645.13
2010-12-02,369.5,370.8,358.25,364.25,364.95,3062176,11201.25
2010-12-01,344.5,372.8,343.05,365,365.15,4470574,16135.59
2010-11-30,337.8,345.9,335,344,343.3,1815025,6206.97
2010-11-29,338.75,344.9,336.05,338.25,338.1,619282,2114.98
2010-11-26,336.9,344.45,325.5,341.85,340.1,1988714,6728.34
2010-11-25,339.5,342.9,331.05,335.55,333.9,2388401,8035.33
2010-11-24,345,347.85,338,340,340.7,992522,3421.39
2010-11-23,345,348,332,346,346.15,1500870,5140.99
2010-11-22,345.95,350,338.55,347.9,348.1,1740652,6021.04
2010-11-19,355,356,338.1,342.25,342.8,2509779,8741.15
2010-11-18,341.45,356.6,337.4,355.3,353.95,5092075,17795.91
2010-11-16,343.1,345.5,333.1,337.2,339.25,1927773,6521.05
2010-11-15,332.4,345.05,325.75,344.6,343.85,2800064,9502.78
2010-11-12,329,340.75,327,328.1,329.65,3881595,12932.28
2010-11-11,345.25,346.45,330.5,332.85,331.85,1524864,5152.15
2010-11-10,349.1,350,342.05,343,342.7,830584,2855.81
2010-11-09,350.2,351.05,346.55,349.7,349.95,977010,3415.54
2010-11-08,351,354.95,347.65,349.15,348.9,2022753,7096.9
2010-11-05,352.4,354.25,351.25,352.6,352.95,203074,716.32
2010-11-04,351.8,352.6,349.05,350.55,349.95,888346,3114
2010-11-03,353.8,353.8,345.45,349,347.25,1475000,5159.68
2010-11-02,358,358,348.35,350,350.75,1831772,6465.51
2010-11-01,355,362.8,354.05,358,356.6,1996703,7155.85
2010-10-29,353,355.95,341.65,354.3,352.95,1725896,6064.39
2010-10-28,353,357.95,347.65,350.5,350.15,2497525,8778.93
2010-10-27,358.4,359.8,346.1,350,350.55,1484467,5240.08
2010-10-26,355,358.95,351.15,356.9,355.45,1779662,6335.14
2010-10-25,345.2,356.2,345,353,352.8,3177781,11204.44
2010-10-22,348.7,348.7,341.05,344,344.35,898132,3096.03
2010-10-21,335.1,348.25,335.1,344.6,345.25,3160737,10821.13
2010-10-20,332,336,331.5,333,333,751669,2513
2010-10-19,326.5,337.35,326.5,332.45,331.95,2200748,7332.27
2010-10-18,326.15,334,323.5,326.05,326,2096324,6857.68
2010-10-15,335.4,337.4,330.3,333,331.7,1120792,3737.79
2010-10-14,340,342.6,332.6,333,334.4,947779,3194.85
2010-10-13,340.5,342.15,338,340.25,339.7,1334489,4539.42
2010-10-12,339.9,341.5,334.9,339.9,339.85,1361105,4604.05
2010-10-11,334,341.8,330,340,339.45,1285119,4361.32
2010-10-08,332.2,340.3,332.15,335.95,337.2,3123274,10523.12
2010-10-07,327,332.95,326.5,332.8,331.15,1841608,6082.83
2010-10-06,333,333.75,325.85,326.35,326.9,1263282,4164.02
2010-10-05,329,333.2,326.85,328.5,329.35,1259245,4168.05
2010-10-04,325,329.4,324.05,328,328.05,966340,3159.35
2010-10-01,323.9,328.65,322.35,324.1,323.8,1918195,6248.67
2010-09-30,319,323.75,314.05,321.5,322.35,1451799,4644.23
2010-09-29,321,322.4,315.35,317.5,317.1,1489638,4737.05
2010-09-28,321,323.25,319.95,320.6,320.85,1155589,3714.66
2010-09-27,321,324.95,319.15,321.95,321.3,997138,3201.97
2010-09-24,315,318.55,314.25,315.9,316.15,1087899,3443.82
2010-09-23,320,321.6,312,314.2,314.15,1479627,4685.66
2010-09-22,322,324,318.35,318.35,319.75,1178947,3782.03
2010-09-21,318,323.4,315.5,321.35,321.6,2516779,8058.58
2010-09-20,311,316.5,310.2,316.4,315.95,2154362,6764.57
2010-09-17,306,310.9,305.7,308.9,308.9,2181230,6727.37
2010-09-16,307.55,311.15,304.55,305.95,305.5,1474508,4524.71
2010-09-15,313,315,306.65,308.3,307.55,2750483,8572.41
2010-09-14,306.7,314.5,306.05,310.45,310.45,1434576,4460.46
2010-09-13,308,309.95,304.6,307.05,305.55,1411122,4324.19
2010-09-09,311.1,312.95,304.55,306.9,306.5,2242978,6864.78
2010-09-08,316,316,309.65,310.2,310.7,854618,2659.51
2010-09-07,311,315.4,309.1,311.45,312.95,1858323,5823.54
2010-09-06,308.05,310.6,307.6,309.05,309.9,1045581,3235.56
2010-09-03,306,309.4,305,307.05,307.05,1021604,3143.43
2010-09-02,306,307.75,303.6,305.8,305.35,1014271,3095.04
2010-09-01,304,306.4,303.25,305.55,305.4,1001984,3052.43
2010-08-31,304,306.8,302,303,303.25,1507141,4583.9
2010-08-30,305,306.5,303.1,305.4,304.6,867251,2646.31
