Date,Open,High,Low,Close,Volume
2017-08-28,116.73,117.95,115.1,117.52,113778
2017-08-25,114.5,117.07,113.95,116.28,102701
2017-08-24,115.5,115.5,113.5,114.32,93288
2017-08-23,114.9,115.6,113.81,115.31,49003
2017-08-22,112.82,116.81,112.22,115.98,179463
2017-08-21,115.87,116.06,112.15,112.64,150995
2017-08-18,113.96,116.18,112.3,115.18,124453
2017-08-17,114.71,117.67,114.6,114.94,148857
2017-08-16,116.5,117.18,115.5,116.26,268425
2017-08-15,118.55,119.51,115.92,116.1,94016
2017-08-14,119.43,120.43,118.06,118.43,81250
2017-08-11,117.12,119.08,116.91,118.48,100372
2017-08-10,117.7,118.99,116.37,118.03,115652
2017-08-09,117.58,119.5,116.83,118.65,100181
2017-08-08,118.09,120.34,117.86,118.54,112662
2017-08-07,119.26,119.53,117.76,118.55,108804
2017-08-04,115.69,119.87,114.11,118.95,182195
2017-08-03,116.61,117.72,114.22,115.02,147028
2017-08-02,121.5,122.7,115.78,116.73,157097
2017-08-01,121,123.38,116.05,121.41,493310
2017-07-31,,118.1,114.05,117.97,236199
2017-07-28,114.4,116.18,114.36,115.55,120949
2017-07-27,118.44,119.09,112.29,115.21,86448
2017-07-26,118.05,119.17,117.05,118.19,96519
2017-07-25,115,118.08,114.54,118.03,98168
2017-07-24,116.75,117.75,114.63,114.95,127701
2017-07-21,119.21,119.46,116.59,116.86,142188
2017-07-20,117.51,118.33,116.08,118.27,86814
2017-07-19,111.88,118.24,111.88,117.88,176091
2017-07-18,110.65,111.36,110.12,111.22,165816
2017-07-17,111.5,111.97,110.28,111,100798
2017-07-14,110.8,111.98,110.8,111.5,99952
2017-07-13,111.44,111.7,109.6,111.18,104172
2017-07-12,111.55,112.91,110.37,111.74,96695
2017-07-11,111.66,112.38,109.93,110.85,122195
2017-07-10,113.28,113.93,110.43,110.62,121653
2017-07-07,110.65,114.45,108.94,112.96,131523
2017-07-06,109.1,110.81,107.24,110.52,131178
2017-07-05,108.84,110.5,108.18,110.4,84505
2017-07-03,107.93,110.11,107.55,108.65,44048
2017-06-30,108.6,109.31,107.58,108.62,80214
2017-06-29,110.45,110.45,105.68,108.35,121413
2017-06-28,106.57,110.64,105.62,110.45,95255
2017-06-27,108.41,108.43,105.39,105.65,61169
2017-06-26,110.93,111.84,107.3,108.12,152116
2017-06-23,106.77,110.37,106.77,109.91,343780
2017-06-22,108.05,108.3,105.63,106.75,97867
2017-06-21,107.15,108.67,106.92,107.59,78891
2017-06-20,107.25,107.51,105.36,106.91,80027
2017-06-19,106.6,107.93,105,107.67,62789
2017-06-16,105.58,107.11,105.43,106.18,151442
2017-06-15,106.77,107.67,106.08,106.87,65646
2017-06-14,109.55,111.08,106.06,107.92,94609
2017-06-13,110.84,111.62,107.76,109.55,75428
2017-06-12,109.64,109.93,107.48,109.89,96235
2017-06-09,111.19,113.26,108.33,109.6,113851
2017-06-08,109,111.52,107.93,111.16,84170
2017-06-07,109.29,110.8,107.95,108.78,113851
2017-06-06,109.59,110.93,108.6,109.46,70062
2017-06-05,111.52,111.96,109.43,110.16,123031
2017-06-02,109.23,112.77,108.98,111.59,151553
2017-06-01,106.02,109.45,106.01,108.94,137580
2017-05-31,107.6,107.6,105.33,106.21,100479
2017-05-30,108.69,109.4,107.51,107.6,64454
2017-05-26,108.42,108.8,107.41,108.7,67575
2017-05-25,106.4,110.47,106.4,108.46,139847
2017-05-24,106.48,108.59,104.25,106.55,92700
2017-05-23,106.96,107.33,105.45,106.78,66414
2017-05-22,107.3,107.3,104.53,106.93,73657
2017-05-19,107.32,108.22,105.6,107.03,82730
2017-05-18,106.49,108.02,106.38,106.41,81405
2017-05-17,108.5,109.4,106.65,106.67,121593
2017-05-16,107.6,108.7,107.16,108.59,67064
2017-05-15,106.73,108.27,106.68,107.62,88556
2017-05-12,107.45,107.45,105.16,106.78,94088
2017-05-11,108.13,108.78,107.5,108.07,87328
2017-05-10,106.93,108.53,106.93,108.3,85812
2017-05-09,106.53,107.39,105.26,107.32,182863
2017-05-08,107.2,107.2,105.52,106.1,68623
2017-05-05,108.86,109.2,105.86,106.94,125170
2017-05-04,107,109.2,106.14,108.75,264870
2017-05-03,105.09,106.9,102.17,106.83,267857
2017-05-02,106.15,106.22,104.16,105.42,190468
2017-05-01,103.77,106.18,102.02,105.73,220990
2017-04-28,103.61,106.2,102.84,102.94,254103
2017-04-27,95,103.32,94.4,102.58,521700
2017-04-26,89.47,92.79,89.4,92.47,339173
2017-04-25,87.9,89.59,87.68,89.24,126327
2017-04-24,86,87.62,85.15,87.13,130496
2017-04-21,85.54,86.8,85.3,85.46,165300
2017-04-20,84.01,85.72,83.86,85.22,247444
2017-04-19,81.99,83.71,81.96,83.35,210594
2017-04-18,81.94,82.26,81.4,81.99,113500
2017-04-17,81.54,82.32,81.12,82.23,91041
2017-04-13,82.65,83.21,81.45,81.64,55287
2017-04-12,84.66,84.83,82.47,82.89,107193
2017-04-11,81.23,84.36,80.63,84.36,296931
2017-04-10,81.87,83.22,80.89,81.39,58648
2017-04-07,81.6,82.88,81.6,82.26,108558
2017-04-06,81.65,82.44,80.35,82.24,77092
2017-04-05,83.32,83.69,81.15,81.6,86654
2017-04-04,83.13,84.68,82.07,82.95,74549
2017-04-03,85.93,86.01,82.08,83.09,98347
2017-03-31,86.46,86.46,85.14,85.87,102137
2017-03-30,85.78,86.07,85.05,85.94,126476
2017-03-29,87,87,84.82,85.53,147806
2017-03-28,84.03,87.51,83.4,87.26,129811
2017-03-27,82.22,84.44,81.72,84.15,58434
2017-03-24,83.42,84.65,82.98,83.48,71323
2017-03-23,82.84,83.86,82.28,83.13,43959
2017-03-22,81.57,83.13,81.47,82.92,73875
2017-03-21,84.96,85.32,82.17,82.26,71984
2017-03-20,85.22,85.3,84.06,84.66,95758
2017-03-17,83.5,85.37,82.48,85.27,213429
2017-03-16,82.91,83.56,81.97,83.54,83374
2017-03-15,81.56,83.08,81.06,82.92,69016
2017-03-14,81.37,81.87,81.11,81.29,41207
2017-03-13,82.94,83.24,81.68,82.05,52254
2017-03-10,83.47,83.47,81.85,82.27,83150
2017-03-09,83.2,83.75,82.4,82.86,93725
2017-03-08,83.1,83.81,82.42,82.82,79107
2017-03-07,83.04,83.66,82.55,82.96,142116
2017-03-06,82.75,83.53,82.7,83.13,133505
2017-03-03,83.74,85.01,82.87,83.21,123767
2017-03-02,85.47,85.47,83.96,84.15,91693
2017-03-01,83.8,85.91,83.36,85.76,162139
2017-02-28,83.45,83.94,82.15,82.51,119195
2017-02-27,84.44,84.69,82.82,83.85,94084
2017-02-24,84.84,85.59,83.95,84.3,143677
2017-02-23,89.2,89.85,85.33,85.46,238465
2017-02-22,85.53,90.45,85.34,89.89,343415
2017-02-21,83,87.99,81.11,86.55,378242
2017-02-17,80.15,80.15,78.52,78.8,181551
2017-02-16,81.1,81.7,79.62,80.14,119437
2017-02-15,80.14,81.9,80,81.1,138409
2017-02-14,80.07,80.86,79.8,80.25,131439
2017-02-13,80.94,81.54,80,80.5,78098
2017-02-10,80.54,80.7,79.63,80.05,80911
2017-02-09,80.01,80.96,79.79,79.91,74046
2017-02-08,79.82,80.83,78.79,79.9,91112
2017-02-07,80.65,81.11,79.76,79.98,59749
2017-02-06,81.67,82.14,80.07,80.31,73642
2017-02-03,81.49,82.32,80.94,82.24,84780
2017-02-02,80.62,81.17,79.37,80.69,96146
2017-02-01,80.43,81.75,79.58,80.62,102816
2017-01-31,78.39,80.18,77.86,79.95,88571
2017-01-30,79.39,79.99,77.93,78.71,63288
2017-01-27,80.61,80.97,79.36,80.47,48187
2017-01-26,79.93,80.94,79.48,80.6,71824
2017-01-25,80,81.57,79.23,80.23,83822
2017-01-24,78.75,79.86,78.7,79.55,68856
2017-01-23,78.09,78.64,77.72,78.31,64494
2017-01-20,78.93,78.93,77.97,78.27,49837
2017-01-19,79.56,80.13,78.3,78.65,59184
2017-01-18,78.8,80.44,78.76,79.23,101377
2017-01-17,81.25,81.5,78,78.41,103308
2017-01-13,80.88,82,80.88,81.71,74229
2017-01-12,80,80.9,78.72,80.85,92587
2017-01-11,80.65,80.7,78.9,80.43,110162
2017-01-10,78.55,81.14,76.85,80.66,167726
2017-01-09,78.2,78.74,76.2,77.79,129093
2017-01-06,78.21,78.56,77.4,77.54,61667
2017-01-05,78.81,79.06,76.96,77.6,81541
2017-01-04,77.72,78.95,77.19,78.3,93452
2017-01-03,78.04,78.36,75.93,76.99,127114
2016-12-30,77.14,77.46,75.77,76.81,93117
2016-12-29,75.87,77.56,75.48,77.12,76220
2016-12-28,77.44,77.6,75.5,75.64,46422
2016-12-27,76.5,77.63,75.35,77.23,48204
2016-12-23,75.66,76.86,74.24,76.49,57033
2016-12-22,76.58,76.58,75.2,75.39,46802
2016-12-21,76.94,77.06,76.12,76.5,62717
2016-12-20,77.27,77.93,76.5,77.25,153690
2016-12-19,77.44,77.98,75.88,76.37,102019
2016-12-16,77.31,78.35,76.22,76.79,470042
2016-12-15,75.66,77.81,75.6,77.46,139063
2016-12-14,76.01,77.12,75.32,75.59,90608
2016-12-13,76.6,77.3,75.14,76.04,86519
2016-12-12,76.18,76.71,75.22,76.28,59381
2016-12-09,77,77,75.76,76.74,73484
2016-12-08,75.23,76.89,74.72,76.86,89504
2016-12-07,74.43,74.84,73.53,74.83,90203
2016-12-06,74.09,74.68,73.64,74.59,125369
2016-12-05,73.63,74.09,73.25,74.04,109012
2016-12-02,73.25,74.76,72.13,72.72,88912
2016-12-01,74.79,75.4,72.35,73.02,97448
2016-11-30,76.12,76.78,73.92,74.32,128577
2016-11-29,74.94,77.14,74.19,75.63,410415
2016-11-28,74.61,74.96,72.95,74.78,188701
2016-11-25,73.2,73.89,73.06,73.54,44223
2016-11-23,72.03,73.43,71.91,73.2,138121
2016-11-22,71.38,72.68,71.34,72.53,102276
2016-11-21,71.21,72.3,70.73,71.66,100775
2016-11-18,71.45,71.57,69.89,70.83,333410
2016-11-17,69.66,72.61,69.37,71.12,286206
2016-11-16,71.03,71.87,67.6,69.55,323846
2016-11-15,75.75,75.86,73.19,73.66,166633
2016-11-14,72.89,76.55,72.86,76.05,241728
2016-11-11,71.58,72.89,71.48,72.8,243035
2016-11-10,70.62,72.62,69.73,71.5,219013
2016-11-09,68.47,72.17,67.88,71.84,151525
2016-11-08,69.05,69.72,67.01,69.18,164751
2016-11-07,68.77,69.95,67.44,69.25,266809
2016-11-04,64.99,69.21,64.19,67.57,311342
2016-11-03,59.12,65.32,59,64.02,624613
2016-11-02,54.96,56.24,54.34,56.17,255414
2016-11-01,54.63,55.37,53.82,54.94,119229
2016-10-31,53.97,54.5,52.7,54.43,107760
2016-10-28,52.13,55.64,52.13,53.48,171721
2016-10-27,54.98,54.98,51.98,52.15,214917
2016-10-26,54.36,55.17,54.35,54.65,168189
2016-10-25,55.41,56.33,54.59,54.59,149316
2016-10-24,56.08,57.11,55.34,55.76,134569
2016-10-21,55.67,55.91,55.28,55.71,87386
2016-10-20,56.42,56.95,56.18,56.23,89559
2016-10-19,57.46,57.46,56.35,56.74,75893
2016-10-18,57.13,57.81,56.51,57.2,54671
2016-10-17,55.72,56.64,55.45,56.44,148875
2016-10-14,56.53,57.38,55.64,55.72,148749
2016-10-13,56.95,57.35,56,56.23,172855
2016-10-12,59.41,59.41,57.32,57.54,186869
2016-10-11,60.39,60.8,59.2,59.51,65987
2016-10-10,60.01,60.66,59.62,60.56,72312
2016-10-07,61.06,61.4,59.16,59.65,68921
2016-10-06,59.65,61.38,59.13,61.15,111905
2016-10-05,59.96,60.29,59.52,59.74,66323
2016-10-04,61.34,61.75,59.38,59.51,130663
2016-10-03,60.85,62.06,60.67,61.33,67519
2016-09-30,60.42,61.51,59.86,61.08,97127
2016-09-29,60.54,60.54,59.73,59.99,69466
2016-09-28,61,61.13,60.26,60.82,107985
2016-09-27,60.24,60.78,59.22,60.68,108565
2016-09-26,60.21,60.98,60.21,60.38,89257
2016-09-23,60.76,61.05,59.9,60.76,97033
2016-09-22,60.16,61.12,60.08,61.12,94538
2016-09-21,59.21,60.16,58.95,60.12,66079
2016-09-20,58.94,59.54,58.02,58.8,51114
2016-09-19,58.28,59.02,57.92,58.4,50440
2016-09-16,58.14,58.2,57.64,57.99,110094
2016-09-15,56.59,58.77,56.59,58.07,137823
2016-09-14,55.74,56.67,55.51,56.31,128402
2016-09-13,56.61,56.86,55.24,55.78,82958
2016-09-12,55.35,56.73,55.05,56.23,170143
2016-09-09,55.85,56.14,55.46,55.64,164295
2016-09-08,56.63,57.16,56.02,56.41,131245
2016-09-07,55.64,57.18,55.54,56.78,119268
2016-09-06,56.32,56.51,55.52,56.04,129794
2016-09-02,56.22,56.97,55.54,56.27,175632
2016-09-01,55.76,56.44,55.42,56.09,123725
2016-08-31,56.22,56.35,55.64,55.91,110342
2016-08-30,56.12,57,56.12,56.42,66407
2016-08-29,56.3,57.09,56,56.28,54574
2016-08-26,56.39,57.21,55.98,56.22,106521
2016-08-25,56.11,57.07,56.11,56.68,94820
2016-08-24,57.06,57.07,56.11,56.43,84849
2016-08-23,56.78,57.67,56.78,56.98,104186
2016-08-22,56.43,57.26,55.96,56.65,135148
2016-08-19,55.65,56.95,55.5,56.7,117955
2016-08-18,55.51,56.06,55.47,55.77,129217
2016-08-17,54.89,55.91,54.38,55.64,174805
2016-08-16,55.75,56.24,55.01,55.03,150239
2016-08-15,55.82,56.57,55.82,56.06,101246
2016-08-12,54.91,55.85,54.84,55.77,159011
2016-08-11,54.55,55.49,54.2,55.04,214909
2016-08-10,57.92,57.95,54.14,54.39,380188
2016-08-09,60.15,60.15,56.5,57.91,835244
2016-08-08,67.96,67.96,66.68,67.28,183223
2016-08-05,67.29,68.17,67.29,67.86,90495
2016-08-04,67.8,67.8,66.34,66.98,91119
2016-08-03,65.26,67.07,64.92,66.48,77889
2016-08-02,67.8,68.08,66.25,66.55,82625
2016-08-01,68.59,68.87,67.48,67.97,125549
2016-07-29,67.65,68.64,66.93,68.44,160388
2016-07-28,68.5,68.96,67.44,67.51,75957
2016-07-27,68.48,69.26,68.17,68.5,92913
2016-07-26,66.81,68.2,66.81,68.03,89431
2016-07-25,67.4,67.74,66.43,66.76,89286
2016-07-22,67.07,68.08,66.94,67.34,88759
2016-07-21,66.96,67.45,66.65,67.28,158246
2016-07-20,67.07,67.66,66.63,67.28,146978
2016-07-19,67.94,67.95,66.57,66.72,89382
2016-07-18,66.62,68.78,66.37,68,356817
2016-07-15,65.81,66.6,64.5,66.38,186985
2016-07-14,65.01,65.92,64.3,65.36,118506
2016-07-13,65.18,65.94,64.42,64.5,75195
2016-07-12,64.43,65.65,64.43,64.67,83060
2016-07-11,62.4,64.1,61.94,64.05,125073
2016-07-08,60.88,62.32,60.88,62.14,78811
2016-07-07,60.2,61.4,59.82,60.2,65380
2016-07-06,59.53,60.45,59.07,59.81,101018
2016-07-05,60.66,61.23,59.15,59.73,104166
2016-07-01,60.7,61.47,60.44,61.33,74489
2016-06-30,60.21,61.19,59.56,61.1,206501
2016-06-29,59.5,60.05,59.02,59.72,197055
2016-06-28,57.94,59.5,57.91,58.59,165763
2016-06-27,59.78,59.78,56.67,56.99,184460
2016-06-24,61.43,61.53,60.01,60.52,198297
2016-06-23,62.45,64.02,61.76,63.94,147547
2016-06-22,62.48,62.87,61.61,61.93,79255
2016-06-21,63.12,63.66,61.89,62.48,79105
2016-06-20,63.12,64.7,62.76,63.35,122095
2016-06-17,63.29,63.29,61.88,62.01,176867
2016-06-16,62.63,63.22,61.96,63.15,138585
2016-06-15,63.92,63.97,62.98,63.13,53073
2016-06-14,62.45,63.39,62.22,63.36,66726
2016-06-13,64.26,64.5,62.79,62.96,52048
2016-06-10,64.53,65.41,64.15,64.36,81999
2016-06-09,65.54,65.79,65.12,65.41,148398
2016-06-08,65.84,65.88,65.29,65.81,131138
2016-06-07,66.12,66.63,65.51,65.83,140339
2016-06-06,65.91,66.54,65.89,66.1,113567
2016-06-03,66.6,66.6,65.68,66.03,96803
2016-06-02,67.47,67.74,66.1,66.85,74704
2016-06-01,66.43,67.9,65.59,67.39,200393
2016-05-31,65.77,66.75,65.39,66.47,162831
2016-05-27,65.81,66.11,64.89,65.81,79282
2016-05-26,65.32,66,64.47,65.81,207826
2016-05-25,65.5,65.5,64.18,65.31,166935
2016-05-24,62.8,65.98,62.79,65.56,183644
2016-05-23,62.41,63.07,61.84,62.61,131990
2016-05-20,60.16,62.49,60.16,62.45,92998
2016-05-19,60.48,61.21,59.46,59.9,64314
2016-05-18,60.09,61.55,60.03,60.76,73575
2016-05-17,62.28,62.85,60.09,60.25,156662
2016-05-16,61.25,62.84,61.25,62.55,57407
2016-05-13,61.67,62.19,61.01,61.35,76272
2016-05-12,63.15,63.55,61.89,61.99,115285
2016-05-11,63.64,63.64,62.54,62.89,69749
2016-05-10,63.36,63.95,62.95,63.79,56227
2016-05-09,62.98,63.6,62.57,63.12,93019
2016-05-06,62.45,63.21,62.08,63.21,89603
2016-05-05,61.23,62.95,61.2,62.49,243641
2016-05-04,64.22,64.8,61.39,61.79,226251
2016-05-03,62.77,66.65,62.29,63.81,509839
2016-05-02,57.37,58.66,57.01,58.66,122864
2016-04-29,57.49,58.63,56.97,57.36,118667
2016-04-28,58.53,58.78,57.63,57.81,91615
2016-04-27,58.78,59.88,58.15,58.64,62608
2016-04-26,57.47,59.53,57,58.57,103791
2016-04-25,58.87,58.87,57.26,57.47,79604
2016-04-22,58.11,59.72,58.11,58.9,99106
2016-04-21,58.36,59.2,57.77,58.21,67139
2016-04-20,59.42,59.64,58.2,58.47,84736
2016-04-19,59.2,59.81,59.13,59.49,93654
2016-04-18,58.74,59.38,58.74,59.19,124184
2016-04-15,59.35,59.91,58.43,59.01,43888
2016-04-14,60.25,60.25,59.29,59.57,95601
2016-04-13,58.2,60.65,58.19,60.37,107946
2016-04-12,57.81,58.79,57.58,57.74,120076
2016-04-11,57.62,59.25,57.62,57.89,73653
2016-04-08,57.77,58.46,57.24,57.52,55660
2016-04-07,58.25,58.25,56.74,57.25,70579
2016-04-06,58.55,59.36,57.99,58.39,66584
2016-04-05,58.44,58.96,57.61,58.38,73393
2016-04-04,59.57,59.57,58.49,58.63,59772
2016-04-01,59.12,59.66,58.55,59.59,66117
2016-03-31,60.29,60.9,59.59,59.87,63852
2016-03-30,60.72,60.96,59.81,60.4,81181
2016-03-29,58.76,60.36,58.51,60.36,111983
2016-03-28,59.45,59.92,58.28,58.94,84603
2016-03-24,58.03,59.56,57.3,59.45,151496
2016-03-23,59.99,60.11,58.21,58.22,117444
2016-03-22,59.64,60.46,59.46,60.25,119834
2016-03-21,60.34,60.97,59.24,60.02,68036
2016-03-18,60.21,60.99,60,60.41,112159
2016-03-17,58.35,60.06,58.13,59.88,62764
2016-03-16,57.89,58.6,57.27,58.45,86944
2016-03-15,60.9,60.9,57.55,58.19,103652
2016-03-14,60.29,61.64,59.92,61.09,103947
2016-03-11,61.11,61.45,60.25,60.5,87868
2016-03-10,60.02,60.97,59.35,60.33,232236
2016-03-09,57,57.73,57,57.32,103420
2016-03-08,57.88,57.88,56.85,56.9,136924
2016-03-07,55.9,58.24,55.9,58.03,99270
2016-03-04,55.88,56.59,55.14,56.07,103933
2016-03-03,55,56,54.65,55.75,143193
2016-03-02,54.24,55.17,54.12,55.1,112786
2016-03-01,53.66,54.67,52.69,54.41,125869
2016-02-29,51.63,53.73,51.63,53.42,143672
2016-02-26,51.5,51.97,51.26,51.5,217869
2016-02-25,51.31,51.5,50.3,51.49,78239
2016-02-24,51.17,51.68,50.41,51.47,153709
2016-02-23,48.9,52.48,48.73,51.48,585183
2016-02-22,45.77,46.51,44.69,45.5,176904
2016-02-19,45.18,45.86,45.03,45.46,71153
2016-02-18,44.56,46.05,44.46,45.29,126533
2016-02-17,45.16,45.16,43.74,44.28,192173
2016-02-16,44.86,45.64,44.45,45.13,97662
2016-02-12,44.39,44.93,44,44.55,78196
2016-02-11,44.17,44.99,43.53,44.03,76368
2016-02-10,44.34,45.68,44.34,44.77,94719
2016-02-09,44.25,44.96,44.01,44.17,59677
2016-02-08,44.16,45,43.74,44.85,107234
2016-02-05,45.48,45.68,44.53,44.54,70109
2016-02-04,44.84,46.58,44.81,45.61,61387
2016-02-03,45.03,45.42,44.36,44.93,132710
2016-02-02,44.82,45.13,44.2,44.69,116038
2016-02-01,47,47,45.25,45.46,116261
2016-01-29,44.5,47.47,44.5,47.47,164088
2016-01-28,44.5,44.59,43.7,44.18,66927
2016-01-27,45.18,45.35,43.64,44,113827
2016-01-26,44.73,45.59,44.11,45.23,98453
2016-01-25,46.05,46.31,44.34,44.46,118670
2016-01-22,45.41,46.41,45.24,46.36,95588
2016-01-21,44.96,45.99,44,44.78,185443
2016-01-20,43.83,45.72,43.4,44.65,272319
2016-01-19,45.35,45.35,43.48,44.24,200333
2016-01-15,42.88,45.02,42.88,44.97,302681
2016-01-14,43.16,44.24,42.19,43.94,219488
2016-01-13,43.71,44.15,41.92,43,204118
2016-01-12,43.45,44.09,42.46,43.64,125267
2016-01-11,44.45,44.59,42.47,42.76,194058
2016-01-08,44.34,44.99,43.46,44.26,186243
2016-01-07,44.01,46.45,44,44.02,226588
2016-01-06,45.14,45.58,43.82,44.09,171203
2016-01-05,48.11,48.54,45.3,45.73,169675
2016-01-04,50.86,50.86,47.87,48.14,190539
2015-12-31,51.91,52.46,51.44,51.57,177468
2015-12-30,53.88,54.54,51.68,52,86192
2015-12-29,53.01,54.1,52.78,54.08,76204
2015-12-28,53.4,53.55,52.24,52.94,94115
2015-12-24,53.42,54,53.11,53.59,29987
2015-12-23,51.59,54.07,51.52,53.31,141431
2015-12-22,50.47,51.96,50.18,51.51,93141
2015-12-21,50.45,50.62,49.88,50.27,78323
2015-12-18,48.52,50.12,48.45,50,419230
2015-12-17,48.9,49.22,46.93,48.85,171093
2015-12-16,49.53,49.53,47.62,48.82,228363
2015-12-15,49.36,50.07,48.5,49.52,136452
2015-12-14,51.49,51.49,48.58,49.08,159513
2015-12-11,50.56,51.67,50.17,51.37,193821
2015-12-10,51.91,52.42,51.29,51.36,81314
2015-12-09,52.92,54.21,51.23,51.77,185856
2015-12-08,54.36,54.36,52.71,52.9,104811
2015-12-07,54.63,55.35,54.36,54.69,122601
2015-12-04,55.86,56.26,53.99,54.85,120890
2015-12-03,56.31,57.15,55.6,55.88,117674
2015-12-02,56.01,56.7,55.87,56.03,133134
2015-12-01,55.67,56.55,55.4,56,109340
2015-11-30,55.42,56.2,54.7,55.43,122787
2015-11-27,54.99,56.02,54.6,55.26,29277
2015-11-25,54.45,55.06,54.25,54.99,56401
2015-11-24,56,56.27,54.14,54.25,172859
2015-11-23,56.64,56.88,55.14,56.22,183192
2015-11-20,53.56,56.86,53.47,56.6,247946
2015-11-19,53.23,53.64,52.7,53.21,89471
2015-11-18,53.17,53.56,52.64,53.21,115300
2015-11-17,52.82,54.08,52.14,53.21,114573
2015-11-16,52.81,52.98,52.02,52.63,74632
2015-11-13,51.67,53.16,50.69,53,140547
2015-11-12,53.53,53.56,51.47,52.03,298468
2015-11-11,52.82,54.15,51.96,53.85,184185
2015-11-10,51.1,52.85,50.5,52.82,147937
2015-11-09,52.26,52.42,51.08,51.31,110493
2015-11-06,51,52.29,50.58,52.26,90238
2015-11-05,49.92,51.14,49.73,51,125079
2015-11-04,48.85,49.85,48.53,49.71,215350
2015-11-03,47.49,49.33,47.28,48.75,213643
2015-11-02,46.52,47.9,46.5,47.74,179402
2015-10-30,48.94,49.07,46.23,46.52,142656
2015-10-29,52.64,52.64,47.99,49.14,309879
2015-10-28,50.5,53.13,50.5,52.98,310143
2015-10-27,51.09,51.44,49.86,50.2,100831
2015-10-26,52.31,52.61,51.35,51.45,97981
2015-10-23,53.51,53.77,52.15,52.51,85233
2015-10-22,51.95,53.66,51.86,53.15,137080
2015-10-21,54.29,54.5,51.4,51.55,141938
2015-10-20,54.06,54.8,53.64,54.29,77565
2015-10-19,53.84,54.24,53.3,54.07,70472
2015-10-16,54.63,54.74,53.37,54.03,119916
2015-10-15,54.14,54.63,53.12,54.58,95290
2015-10-14,53.37,54.49,52.95,53.86,107308
2015-10-13,52.95,53.86,52.9,53.28,78443
2015-10-12,52.98,53.54,51.76,53.29,94825
2015-10-09,51.88,53.26,51.38,52.83,106162
2015-10-08,51.54,52.12,51.26,51.65,98551
2015-10-07,51.74,52.65,51.27,51.51,133666
2015-10-06,51.75,51.8,51.01,51.37,100156
2015-10-05,51.59,52.84,51.55,51.68,142272
2015-10-02,50.85,51.37,49.11,51.36,166988
2015-10-01,53.17,53.67,51.32,51.54,129897
2015-09-30,53.48,54.37,52.88,53.18,124860
2015-09-29,53.02,53.86,52.84,53.13,134157
2015-09-28,51.89,53.41,51.89,53.15,130444
2015-09-25,52.41,52.95,51.65,52.1,153431
2015-09-24,52.48,52.76,51.8,51.95,154271
2015-09-23,53.26,54,52.46,52.72,137543
2015-09-22,54.37,54.5,52.98,53.15,108355
2015-09-21,55.69,56.49,54.93,54.96,109167
2015-09-18,56.15,56.76,54.98,55.32,162612
2015-09-17,56.55,57.63,56.12,56.83,106881
2015-09-16,55.44,56.86,55.44,56.57,72024
2015-09-15,55.14,55.78,54.99,55.48,70443
2015-09-14,54.73,55.38,54.46,54.89,97202
2015-09-11,54.83,55.08,54.13,54.67,86238
2015-09-10,54.8,55.52,54.57,55.16,96852
2015-09-09,56.07,56.13,54.72,54.81,122845
2015-09-08,55.38,56.39,54.85,55.67,82599
2015-09-04,54.12,55.23,54.12,54.87,93484
2015-09-03,54.46,55.4,54.46,54.85,102187
2015-09-02,53.89,54.9,53.3,54.27,117394
2015-09-01,54.84,55.36,53.05,53.53,135629
2015-08-31,54.75,56.17,54.48,55.66,110586
2015-08-28,53.91,55.04,53.67,54.97,151367
2015-08-27,53.54,54.59,52.67,53.95,162093
2015-08-26,54.01,54.25,52.26,53.3,156438
2015-08-25,57.08,57.5,52.91,53.18,163587
2015-08-24,54.07,57.95,54.06,55.75,198603
2015-08-21,58.13,59.1,56.36,57.25,211762
2015-08-20,58.56,59.42,58.37,59.16,178398
2015-08-19,57.86,59.97,57.69,59.3,171232
2015-08-18,59.04,59.45,58.15,58.28,136789
2015-08-17,58.78,59.73,58.14,59.32,106758
2015-08-14,57.83,59.27,57.83,59.1,104314
2015-08-13,57.37,59.22,57.31,58.18,152009
2015-08-12,57.99,58.59,57.3,57.38,181691
2015-08-11,58.43,59.13,57.78,58.41,118757
2015-08-10,58.69,59.02,58.19,58.97,110990
2015-08-07,57.08,58.8,57.08,58.26,148559
2015-08-06,57.35,58.2,56.66,57.02,171925
2015-08-05,56.23,57.37,55.63,56.92,167671
2015-08-04,56.91,57.2,55.47,55.69,186670
2015-08-03,55.85,57.15,55.7,56.9,247960
2015-07-31,56.27,57.03,55.68,55.97,282759
2015-07-30,52.34,57.5,52.01,56.2,308245
2015-07-29,52.68,53.5,52.05,52.52,230240
2015-07-28,52.96,53.39,51.9,52.86,173280
2015-07-27,52.41,53.3,52.15,52.7,109315
2015-07-24,53.95,54.27,52.53,52.86,224742
2015-07-23,53.62,54.23,53.41,54.16,414013
2015-07-22,54.05,54.16,53.17,53.37,201592
2015-07-21,54.33,54.76,53.06,54.02,335621
2015-07-20,55.04,55.24,54.34,54.36,153319
2015-07-17,56.15,56.94,54.99,55.13,353496
2015-07-16,57.34,57.55,55.48,56.09,354050
2015-07-15,57.77,57.9,56.68,57.14,293461
2015-07-14,58.49,59.01,57.6,57.78,159104
2015-07-13,58.99,59.69,57.97,58.59,185475
2015-07-10,59.9,60.83,57.7,58.92,386137
2015-07-09,61.55,62.4,60.46,60.59,305338
2015-07-08,62.84,63.66,60.68,60.97,193668
2015-07-07,64.55,64.55,62.38,63.47,200324
2015-07-06,64.46,64.8,63.73,64.43,205864
2015-07-02,65.92,66.15,64.77,64.96,91942
2015-07-01,66.8,66.99,65.47,65.9,158650
2015-06-30,66.87,67.6,66.09,66.14,107090
2015-06-29,67.78,68,66.07,66.41,116098
2015-06-26,68.75,69.07,67.3,68.14,140082
2015-06-25,70.1,70.68,68.57,68.75,197437
2015-06-24,71.21,71.21,70.11,70.53,82307
2015-06-23,70.6,71.5,70.12,71.15,70777
2015-06-22,71.01,71.01,70.08,70.8,40812
2015-06-19,70.83,71.91,69.7,70.64,114667
2015-06-18,70.19,71.11,69.66,70.6,104116
2015-06-17,70.5,70.92,69.57,69.97,117918
2015-06-16,70.25,70.81,69.96,70.5,81650
2015-06-15,70.12,70.79,69.67,70.42,60830
2015-06-12,70.06,70.95,69.64,70.79,56593
2015-06-11,70.97,70.97,69.56,70.07,74909
2015-06-10,70.25,70.99,68.9,70.89,73096
2015-06-09,70.95,71.15,68.84,69.75,105601
2015-06-08,71.5,72.05,70.85,71.1,72278
2015-06-05,72.07,72.21,71.06,71.62,109228
2015-06-04,72.69,72.69,71.82,72.28,103758
2015-06-03,73.14,73.72,72.66,73.14,70060
2015-06-02,72.77,73.54,72.28,72.75,82847
2015-06-01,72.5,73.75,71.85,72.96,99389
2015-05-29,72.07,72.57,71.14,72.25,111177
2015-05-28,71.96,72.65,71.35,72.27,106311
2015-05-27,71.12,72.05,70.75,71.95,105732
2015-05-26,72.05,72.5,71,71.11,129945
2015-05-22,71.49,72.99,71.02,72.43,111412
2015-05-21,70.89,71.93,70.68,71.55,72952
2015-05-20,71.74,71.95,69.74,70.9,121740
2015-05-19,72.57,72.57,71.08,71.81,72529
2015-05-18,71.04,72.73,71.04,72.55,69227
2015-05-15,71.34,71.75,70.83,71.36,81999
2015-05-14,71.33,71.54,70.8,71.34,121348
2015-05-13,71.19,71.4,70.65,70.73,127945
2015-05-12,70.67,71.26,70.2,70.83,73428
2015-05-11,71.25,71.94,69.69,71.09,503660
2015-05-08,71.55,72.15,70.97,71.58,99164
2015-05-07,70.8,71.36,70.42,70.94,84232
2015-05-06,71.61,72.14,70.73,70.92,129853
2015-05-05,73.78,73.85,71.2,71.55,184643
2015-05-04,74.26,74.56,73.53,74.07,101322
2015-05-01,72.68,74.46,71.71,73.97,224974
2015-04-30,82.14,82.14,70.7,72.71,609252
2015-04-29,78.33,78.33,75,75.45,186575
2015-04-28,78.67,79.13,77.45,78.34,153658
2015-04-27,79.79,81.2,77.88,78.49,121391
2015-04-24,80.02,80.37,79.49,79.96,56674
2015-04-23,80.31,82,80.15,80.43,121499
2015-04-22,77.59,80.69,77,80.18,151284
2015-04-21,78.29,78.89,77.56,77.62,290116
2015-04-20,77.58,78.77,77.57,77.8,288633
2015-04-17,79.24,79.24,77.2,77.32,85041
2015-04-16,80.72,81,79.94,79.97,77142
2015-04-15,81.5,82.04,80.85,81.03,95804
2015-04-14,81.72,82.02,80.65,81.36,53349
2015-04-13,81.22,81.99,81.14,81.71,126929
2015-04-10,81.39,81.98,81.04,81.1,66448
2015-04-09,81.37,82.43,80.07,80.93,42030
2015-04-08,80.88,81.67,80.74,81.37,98422
2015-04-07,83.22,83.85,80.79,80.91,95268
2015-04-06,81.19,83.7,81.18,83.19,78843
2015-04-02,82.66,83.43,81.55,82.43,68958
2015-04-01,81.94,82.87,81.32,82.82,93168
2015-03-31,81.31,82.4,81.26,82.21,108119
2015-03-30,80.61,82.26,80.61,81.93,125825
2015-03-27,80.48,81.03,79.51,80.37,111142
2015-03-26,81.58,81.72,80.21,80.81,93937
2015-03-25,83.41,84.89,81.26,81.66,108654
2015-03-24,84.04,84.34,82.73,83.14,117433
2015-03-23,83.58,84.92,82.61,83.81,117055
2015-03-20,83.5,83.5,81.12,83.28,232369
2015-03-19,83.23,84.35,82.04,82.99,208703
2015-03-18,82.17,83.9,81.95,83.74,173818
2015-03-17,81.51,82.61,81.1,82.44,150205
2015-03-16,81.67,81.76,81.07,81.71,151218
2015-03-13,80.48,81.21,79.81,81.05,198294
2015-03-12,79.64,80.74,79.38,80.38,76978
2015-03-11,77.5,78.79,76.89,78.73,80129
2015-03-10,76.62,77.49,75.98,77.42,79994
2015-03-09,78.29,79.21,77.49,77.57,58222
2015-03-06,78.49,79.56,77.78,78,65077
2015-03-05,78.02,79.64,77.56,79.24,66276
2015-03-04,78.02,78.92,77.69,77.96,93581
2015-03-03,78.58,79.15,78.02,78.47,78049
2015-03-02,78.52,79.54,77.57,79.2,96532
2015-02-27,79.9,80.2,77.85,78.28,149297
2015-02-26,78.33,80.2,78.33,79.78,112472
2015-02-25,78.47,78.72,77.64,78.32,60858
2015-02-24,78.25,78.83,77.42,78.29,98407
2015-02-23,78.78,79.07,77.19,78.19,93394
2015-02-20,79.2,79.28,78.14,78.78,104491
2015-02-19,80.35,80.87,78.68,79.18,185568
2015-02-18,80.59,81.35,74.28,80.35,446338
2015-02-17,81.72,82.59,80.35,80.72,208347
2015-02-13,79.5,81.87,78.83,81.63,130334
2015-02-12,79.12,79.5,78.56,79.26,81367
2015-02-11,78.5,79.13,77.2,78.57,63107
2015-02-10,77.85,78.56,76.47,78.35,77499
2015-02-09,76.24,78.5,75.91,77.35,133599
2015-02-06,77.5,78.1,76.26,76.63,78905
2015-02-05,75.7,77.82,75.45,77.48,83941
2015-02-04,76.6,77.2,75.2,75.74,80351
2015-02-03,75.86,77.51,74.37,76.88,88892
2015-02-02,74.1,75.77,73.24,75.54,68939
2015-01-30,75.56,75.71,73.8,73.86,82503
2015-01-29,76.39,76.58,75.23,75.96,135313
2015-01-28,78.11,79.23,75.3,75.99,123996
2015-01-27,77.06,77.95,76.05,77.38,79225
2015-01-26,76.22,77.94,75.65,77.58,56370
2015-01-23,75.09,76.85,73.9,76.1,86118
2015-01-22,74.47,74.95,73.19,74.9,148747
2015-01-21,75.31,75.66,73.65,73.97,98654
2015-01-20,76.44,76.64,75.29,75.35,68046
2015-01-16,75.68,76.76,75.68,76.25,89226
2015-01-15,77.47,77.51,75.46,76.11,101151
2015-01-14,75.8,77.12,75.2,76.98,97807
2015-01-13,77.73,78.97,74.74,76.46,114435
2015-01-12,77.64,77.72,76.28,77.02,93254
2015-01-09,78.57,79.08,77.1,77.4,142877
2015-01-08,76.81,78.96,76.72,78.8,110185
2015-01-07,76.67,76.67,75.37,76,97979
2015-01-06,77.25,78.59,73.95,75.97,86433
2015-01-05,79.28,79.44,76.92,77.26,95849
2015-01-02,81.45,82.06,79.26,79.47,108907
2014-12-31,81.8,82.48,81.24,81.44,89648
2014-12-30,80.69,82.04,80.69,81.51,61857
2014-12-29,81.16,82.2,79.56,80.62,77694
2014-12-26,80.5,82.17,80.21,81.51,55909
2014-12-24,78.81,80.44,78.39,80.02,45993
2014-12-23,78.94,79.58,78.03,78.52,181757
2014-12-22,78.97,79.15,77.36,78.4,141306
2014-12-19,75.8,80.7,74.26,79.15,430528
2014-12-18,71.34,72.44,71.02,72,54886
2014-12-17,68.3,70.78,67.7,70.65,96534
2014-12-16,68,69.55,68,68.3,102393
2014-12-15,69.01,69.07,67.74,68.25,105076
2014-12-12,68.43,68.78,67.29,68.5,85139
2014-12-11,68.75,70.39,68.75,69.4,87515
2014-12-10,70.18,71.02,68.49,68.63,83974
2014-12-09,68.64,70.3,68.64,70.22,243530
2014-12-08,71.14,71.7,69.33,69.73,98651
2014-12-05,71.04,71.67,71.04,71.3,125767
2014-12-04,71.38,71.81,70.86,71.13,84702
2014-12-03,71.81,72.3,71.16,71.41,97640
2014-12-02,70.83,71.84,70.68,71.55,83135
2014-12-01,70.82,71.8,70.12,70.83,117130
2014-11-28,71.46,71.51,70.38,70.82,49678
2014-11-26,71.75,72.39,71,71.25,71553
2014-11-25,72.27,72.34,71.25,71.88,86299
2014-11-24,71.69,72.37,70.52,72.34,174333
2014-11-21,71.85,72.5,70.99,71.36,126238
2014-11-20,69.25,71.15,68.81,70.97,184524
2014-11-19,72,72,69.11,69.56,51895
2014-11-18,71.31,72.46,71.19,71.95,38230
2014-11-17,72.5,73.13,71.08,71.17,79651
2014-11-14,72.26,72.5,71.71,72.27,53700
2014-11-13,72.58,72.76,71.68,71.98,76468
2014-11-12,71.27,72.86,70.91,72.78,136662
2014-11-11,71.02,71.46,70.6,71.27,56803
2014-11-10,71.15,71.48,70.44,71.02,57569
2014-11-07,70.68,71.13,70.48,71.07,87088
2014-11-06,70.26,70.91,70.21,70.67,130919
2014-11-05,69.95,70.78,69.55,70.52,88754
2014-11-04,68.59,69.79,68.25,69.65,81309
2014-11-03,68.3,69.81,68.08,68.95,290227
2014-10-31,68.08,68.76,67.78,68.37,106532
2014-10-30,66.98,68.75,66.71,67.18,245600
2014-10-29,60,66.98,60,66.88,312435
2014-10-28,56.3,58.31,56.07,58.09,129345
2014-10-27,55.76,56.45,55.28,55.99,44647
2014-10-24,56.69,56.69,56.03,56.25,17855
2014-10-23,55.53,56.69,55.53,56.52,31054
2014-10-22,55.29,55.89,54.88,55.02,48348
2014-10-21,54.87,55.6,54.34,55.28,64042
2014-10-20,54.2,54.79,53.85,54.76,51820
2014-10-17,55.93,55.93,54.4,54.45,49661
2014-10-16,54.32,56.67,54.32,55.14,60320
2014-10-15,52.76,55.46,52.65,55.2,94260
2014-10-14,52.13,53.74,52.13,53.4,87430
2014-10-13,51.76,52.36,51.4,51.77,90209
2014-10-10,52.37,53.29,51.61,51.85,85624
2014-10-09,54.33,54.37,52.52,52.74,71111
2014-10-08,53.05,54.5,52.86,54.44,73732
2014-10-07,54,54.15,53.1,53.1,61231
2014-10-06,54.89,55.11,54.22,54.25,47433
2014-10-03,55.56,55.71,54.72,54.87,86350
2014-10-02,53.92,55.27,53.92,54.88,80169
2014-10-01,54.96,54.96,53.89,53.93,57664
2014-09-30,54.43,55.47,54.3,54.76,218632
2014-09-29,54.05,54.45,53.69,54.3,77447
2014-09-26,55.06,55.26,54.6,54.82,39499
2014-09-25,55.86,56.05,54.48,54.97,63516
2014-09-24,55.67,55.96,55.01,55.86,45648
2014-09-23,56.2,56.22,55.43,55.75,51322
2014-09-22,57.48,57.48,56.16,56.24,56801
2014-09-19,58.89,59.63,57.38,57.84,116664
2014-09-18,58.27,59,58.06,58.83,39888
2014-09-17,58.23,58.69,57.32,58.3,28888
2014-09-16,57.8,58.31,57.34,58.29,50473
2014-09-15,57.95,58.2,57.1,57.89,60869
2014-09-12,58.56,58.56,57.24,57.8,82043
2014-09-11,58.21,58.94,58.14,58.74,37840
2014-09-10,58.39,59.33,58.31,58.58,76255
2014-09-09,59.88,59.88,57.95,58.55,72967
2014-09-08,60.05,60.05,59.35,59.63,30303
2014-09-05,60.55,60.99,59.92,60,88289
2014-09-04,59.99,61.04,59.79,60.74,128394
2014-09-03,60.84,60.84,59.71,59.87,75344
2014-09-02,60.34,60.76,59.77,60.46,45886
2014-08-29,60.01,60.4,59.14,60.18,32084
2014-08-28,60,60.06,59.76,60,56731
2014-08-27,60.79,60.83,60.01,60.11,17404
2014-08-26,60.59,61.05,60.28,60.76,32924
2014-08-25,60.35,60.7,60,60.53,49300
2014-08-22,60.57,60.57,59.91,59.99,58182
2014-08-21,59.82,60.86,59.43,60.52,70926
2014-08-20,58.65,59.8,58.47,59.75,76145
2014-08-19,58.5,58.95,58.18,58.94,115280
2014-08-18,58.8,58.8,58.04,58.45,89944
2014-08-15,59.06,59.22,57.44,58.21,78616
2014-08-14,58.5,58.6,57.66,58.47,47301
2014-08-13,58.89,59.02,58.22,58.3,96439
2014-08-12,60.25,60.61,58.74,58.99,62231
2014-08-11,59.76,60.86,59.56,60.44,40949
2014-08-08,59.16,59.86,59.08,59.66,54652
2014-08-07,59.75,60.01,59.01,59.27,64386
2014-08-06,58.35,60.11,58.35,59.52,52012
2014-08-05,58.59,59.01,58,58.65,55233
2014-08-04,58.46,59.1,57.95,58.9,121428
2014-08-01,57.82,58.68,57.36,58.23,106609
2014-07-31,58.86,59.01,57.36,57.36,121145
2014-07-30,61.5,61.98,58.52,59.63,161955
2014-07-29,60.97,61.38,60.5,61,85543
2014-07-28,60.04,60.94,58.83,60.83,103931
2014-07-25,60.32,61.39,59.51,60,154097
2014-07-24,62.23,62.57,60.57,60.89,173377
2014-07-23,62.59,62.61,61.83,62,49354
2014-07-22,62.23,62.9,62.16,62.56,95564
2014-07-21,63.07,63.07,61.27,61.85,159329
2014-07-18,63.7,64.28,63.08,63.44,327886
2014-07-17,64.95,65.25,64.38,64.93,95201
2014-07-16,66.01,66.01,64.99,65.34,33542
2014-07-15,64.79,66.86,64.79,65.57,77220
2014-07-14,67,67.42,66.54,67.14,54833
2014-07-11,65.65,66.38,65.54,66.1,72694
2014-07-10,65.43,66.44,65.1,65.62,69600
2014-07-09,67.27,67.59,66.48,66.69,50112
2014-07-08,67.21,67.49,66.34,67.01,113798
2014-07-07,67.86,67.9,67.02,67.37,68623
2014-07-03,67.9,68.33,67.7,68.33,54556
2014-07-02,67.41,68.34,67.08,67.54,131478
2014-07-01,66.67,67.82,66.48,67.59,116554
2014-06-30,65,66.36,64.99,66.35,93229
2014-06-27,64.45,65.5,64.21,65.41,128467
2014-06-26,63.33,64.76,63.18,64.45,48092
2014-06-25,64.14,64.68,63.44,64.2,57151
2014-06-24,64.56,65.61,64.33,64.48,56985
2014-06-23,64.7,65,64.45,64.83,115178
2014-06-20,64.64,64.8,64.42,64.71,163865
2014-06-19,64.75,64.75,63.91,64.3,48307
2014-06-18,64.71,64.88,63.51,64.53,35472
2014-06-17,63.85,64.84,63.53,64.62,43735
2014-06-16,64.74,65.06,63.85,64.04,53444
2014-06-13,65.43,65.46,63.98,64.36,44750
2014-06-12,65.39,65.94,64.84,65.23,25368
2014-06-11,66.41,66.77,65.11,65.63,57860
2014-06-10,66.25,66.83,65.79,66.73,91749
2014-06-09,65.75,67.3,65.45,66.26,129005
2014-06-06,64.67,65.75,63.85,65.63,79943
2014-06-05,61.28,64.32,60.87,64.08,92091
2014-06-04,60.93,61.35,60.23,61.12,52764
2014-06-03,61.27,62.48,60.36,61.21,49884
2014-06-02,62.28,62.88,61,61.43,59887
2014-05-30,62.25,62.41,61.24,62.26,63285
2014-05-29,62.9,62.9,62.01,62.12,31777
2014-05-28,62.64,63.49,62.3,62.53,88430
2014-05-27,61.25,62.26,60.5,62.14,71937
2014-05-23,60.16,60.97,59.92,60.88,46681
2014-05-22,59.63,60.06,59.32,60.02,55172
2014-05-21,59.99,60.52,58.86,59.47,57858
2014-05-20,61.06,61.06,59.34,59.68,76380
2014-05-19,60.18,61.35,60.18,61.1,41131
2014-05-16,60.19,60.27,59.4,60.24,58558
2014-05-15,60.48,60.62,59.47,60.34,60763
2014-05-14,61.9,62.12,60.67,60.96,95488
2014-05-13,62.3,63.84,61.49,61.9,181931
2014-05-12,60,62.92,58.95,62.45,98341
2014-05-09,59.4,60.41,59.24,59.99,71682
2014-05-08,60.75,61.38,59.57,59.77,72984
2014-05-07,60.42,60.99,59.88,60.89,85737
2014-05-06,60.12,60.57,59.28,60.22,202922
2014-05-05,59.65,60.76,59.28,60.4,128644
2014-05-02,60.31,61.05,59.66,59.87,143092
2014-05-01,59.98,60.7,59.61,60.15,442349
2014-04-30,57.79,61.08,57.01,60.02,377217
2014-04-29,58.35,59.39,57.63,58.7,65123
2014-04-28,59.51,59.67,57.3,57.94,160413
2014-04-25,60.91,60.91,59.19,59.41,51358
2014-04-24,61.84,62.45,60.62,61.27,71136
2014-04-23,61.67,62.46,61.15,61.7,45634
2014-04-22,60.21,61.8,60.21,61.65,52441
2014-04-21,60.55,60.79,59.9,60.79,26455
2014-04-17,59.37,60.95,59.29,60.67,62334
2014-04-16,60,60,59.09,59.55,62822
2014-04-15,59.29,59.99,57.82,59.89,79326
2014-04-14,59.05,59.51,58.11,59.02,59671
2014-04-11,57.72,58.56,56.26,58.04,59090
2014-04-10,59.38,59.93,57.89,58.3,69530
2014-04-09,59.1,59.69,58.19,59.55,45479
2014-04-08,58.71,59.6,58.21,58.98,41746
2014-04-07,60.12,60.67,58.21,58.55,46854
2014-04-04,61.91,62.13,59.85,60.44,80901
2014-04-03,62.38,62.8,61.26,61.6,61788
2014-04-02,62.71,63.07,62.28,62.43,35345
2014-04-01,62.69,62.79,61.79,62.69,57814
2014-03-31,59.52,62.94,59.52,62.42,135005
2014-03-28,60.82,62.05,59.03,59.35,50625
2014-03-27,61.12,62.05,60.49,60.86,28993
2014-03-26,63.01,63.03,60.76,61.04,67487
2014-03-25,62.64,63.24,62.29,62.59,58397
2014-03-24,63.3,63.5,61.51,62.55,59491
2014-03-21,63.62,64.33,62.96,63.18,80385
2014-03-20,63.57,64.41,62.31,63.51,49883
2014-03-19,64.86,64.86,63.04,63.59,32757
2014-03-18,64.2,65,63.64,64.99,95206
2014-03-17,64.05,64.73,64.02,64.31,49314
2014-03-14,62.51,63.75,62.51,63.64,44810
2014-03-13,62.97,64.02,61.83,62.57,48703
2014-03-12,61.65,63.26,60.95,62.94,54204
2014-03-11,63.71,63.71,61.5,61.84,47076
2014-03-10,63.5,63.68,63.09,63.47,51005
2014-03-07,64.76,64.76,63.7,63.81,52118
2014-03-06,65.3,65.3,64.34,64.76,41094
2014-03-05,65.16,65.68,64.83,65.06,35577
2014-03-04,63.95,65.73,63.68,65.38,103427
2014-03-03,63.79,64.38,62.45,63.21,90210
2014-02-28,64.65,65.44,64.5,64.7,140068
2014-02-27,64.04,64.99,64.04,64.86,80305
2014-02-26,63,64.24,62.98,64.12,157772
2014-02-25,62.5,63.99,62.1,63.1,175323
2014-02-24,60.5,62.6,59.8,62.54,198312
2014-02-21,59.58,60.25,59.34,60.25,110503
2014-02-20,58.1,59.56,58,59.26,76811
2014-02-19,58.18,58.94,58.05,58.18,43968
2014-02-18,58.96,59.2,58.31,58.44,61258
2014-02-14,58.04,58.84,57.49,58.62,30364
2014-02-13,57.59,58.37,57.2,57.95,51914
2014-02-12,57.79,58.32,57.34,57.94,32318
2014-02-11,57.41,57.85,56.7,57.85,70713
2014-02-10,57.84,57.98,57.22,57.46,39241
2014-02-07,57.33,58.05,57.08,58,88773
2014-02-06,58.02,58.49,56.88,57.21,36731
2014-02-05,57.55,58.05,56.17,58.05,66888
2014-02-04,59.26,59.51,57.8,57.88,63326
2014-02-03,60.77,60.77,57.4,59.15,124674
2014-01-31,58.55,61.2,58.44,60.7,184263
2014-01-30,59.07,60.12,58.5,59.7,96711
2014-01-29,58.03,58.59,57.84,58.5,99474
2014-01-28,57.9,58.59,57.63,58.53,90313
2014-01-27,58.09,58.47,57.61,57.99,81882
2014-01-24,59.18,59.27,56.76,58.14,129270
2014-01-23,59.23,59.93,58.69,59.72,69596
2014-01-22,59.23,59.67,58.62,59.43,84588
2014-01-21,59.27,59.79,58.64,59.15,117580
2014-01-17,59.65,60.07,58.35,58.78,77031
2014-01-16,60.19,60.74,59.46,59.81,62171
2014-01-15,59.39,60.81,58.98,60.19,65517
2014-01-14,57.72,59.43,57.62,59.1,91698
2014-01-13,57.24,58.16,57.02,57.72,78474
2014-01-10,58.13,58.13,56.77,57.54,43974
2014-01-09,57.17,58,56.63,57.99,118449
2014-01-08,57.95,57.95,56.52,57.12,101049
2014-01-07,58.38,58.66,57.46,57.95,75424
2014-01-06,59.78,59.78,58.13,58.35,39831
2014-01-03,59.54,60.21,59.01,59.46,73273
2014-01-02,61.5,61.5,59.29,59.56,108372
2013-12-31,61.37,62.2,60.93,61.5,80005
2013-12-30,61.31,61.86,61.14,61.22,46055
2013-12-27,62.47,62.47,60.4,61.49,55720
2013-12-26,62.17,62.84,62,62.19,38719
2013-12-24,61.63,62.57,61.51,62.09,11996
2013-12-23,60.78,61.77,60.34,61.53,70193
2013-12-20,60,61.25,59.64,60.44,194025
2013-12-19,60.85,60.85,59.9,60.09,38826
2013-12-18,60.51,61.25,60.38,60.88,86942
2013-12-17,60.55,61.02,60.29,60.54,36566
2013-12-16,59.27,60.91,58.83,60.71,63286
2013-12-13,59.65,59.75,58.6,58.87,66470
2013-12-12,61.05,61.05,59.42,59.74,66700
2013-12-11,61.7,61.84,60.54,60.91,71877
2013-12-10,62.22,62.55,61.31,61.65,48914
2013-12-09,62.4,63,62.29,62.54,69529
2013-12-06,62.83,62.86,61.96,62.39,24040
2013-12-05,62.15,62.5,61.95,62.06,29639
2013-12-04,62.15,62.84,62.1,62.11,57789
2013-12-03,61.66,62.46,61.4,62.24,75689
2013-12-02,62.65,62.65,61.59,61.77,71516
2013-11-29,62.62,63,62.36,62.81,23939
2013-11-27,61.93,62.59,61.93,62.45,49338
2013-11-26,61.05,62.14,61.05,62,84168
2013-11-25,60.57,61.08,60.3,61.07,118497
2013-11-22,60.55,60.6,59.98,60.49,47133
2013-11-21,60.46,60.75,60.13,60.49,92241
2013-11-20,60.6,60.75,59.92,60.14,48933
2013-11-19,60.5,60.97,59.65,60.5,55134
2013-11-18,60.55,60.98,60.32,60.5,51488
2013-11-15,60.44,60.99,60.28,60.52,37817
2013-11-14,60.6,60.83,60.36,60.55,23811
2013-11-13,60.2,60.7,60.2,60.6,74012
2013-11-12,60.28,60.84,59.89,60.49,37089
2013-11-11,60.14,60.6,59.72,60.32,68270
2013-11-08,60.5,61.16,60.21,60.36,93110
2013-11-07,62.79,62.9,60.22,60.34,84563
2013-11-06,62.62,63,62.11,62.71,72167
2013-11-05,62.23,62.81,62.12,62.36,105678
2013-11-04,62.75,62.75,61.67,62.32,99352
2013-11-01,60.85,62.9,60.51,62.77,178092
2013-10-31,60.9,62.51,60.79,60.96,311197
2013-10-30,58.43,61.5,58.01,61.09,541597
2013-10-29,58.06,58.55,57.47,57.93,74251
2013-10-28,57.7,58.13,57.69,58,143129
2013-10-25,58.2,58.28,57.91,57.98,54395
2013-10-24,57.89,58.22,57.87,57.95,111908
2013-10-23,58.07,58.46,57.62,57.89,89023
2013-10-22,58.42,58.8,57.56,58.47,78336
2013-10-21,58.4,58.98,58,58.32,78611
2013-10-18,58.75,58.88,58.1,58.43,248788
2013-10-17,57.78,58.27,57.59,58.1,191157
2013-10-16,58.52,58.58,57.49,57.93,68341
2013-10-15,58.47,58.8,57.81,58.06,106947
2013-10-14,58.31,58.82,58.3,58.49,69320
2013-10-11,58.22,58.74,57.68,58.49,56737
2013-10-10,58.15,58.76,57.8,58.5,43307
2013-10-09,57.04,57.66,56.47,57.33,34395
2013-10-08,58.21,58.24,56.79,56.96,88348
2013-10-07,57.77,58.22,57.69,57.87,59558
2013-10-04,58.2,58.89,57.88,58.35,47632
2013-10-03,58.74,58.8,57.46,58.32,82090
2013-10-02,59.21,59.86,58.93,59.05,61569
2013-10-01,59.52,60.78,59.41,59.5,164153
2013-09-30,59.11,60.06,59.11,59.48,110883
2013-09-27,59.5,60.3,59.5,59.99,94363
2013-09-26,59.95,60.37,59.73,60,141577
2013-09-25,60.35,60.97,59.73,60,53080
2013-09-24,60.09,60.9,58.91,60.41,91702
2013-09-23,60.22,60.5,59.53,60.09,82906
2013-09-20,60.68,60.9,60.01,60.48,131417
2013-09-19,60.4,60.6,59.93,60.4,55841
2013-09-18,60,60.6,59.66,60.29,96816
2013-09-17,59.8,60.09,59.58,60,50318
2013-09-16,60.3,60.3,59.52,59.9,67572
2013-09-13,59.96,60.05,59,59.93,64658
2013-09-12,59.85,59.99,59.2,59.59,37426
2013-09-11,59.83,60.13,59.72,59.92,50045
2013-09-10,58.5,60.17,58.49,60.09,108750
2013-09-09,58,58.5,57.77,58.4,55380
2013-09-06,58.25,58.62,56.96,57.77,48006
2013-09-05,57.31,58.09,57,57.99,151337
2013-09-04,55.69,57.46,55.48,57.41,68105
2013-09-03,56.41,56.65,55.4,55.7,41194
2013-08-30,56.32,56.32,55.31,55.47,69893
2013-08-29,55.28,56.5,55.28,56.39,90903
2013-08-28,55.68,56.47,55.19,55.59,161224
2013-08-27,57.4,57.74,55.5,55.56,94926
2013-08-26,57.82,58,57.6,57.83,67478
2013-08-23,55.45,58.97,55.06,57.86,269188
2013-08-22,52.75,55.6,52.66,55.37,59341
2013-08-21,52.8,53.36,52.69,52.87,38157
2013-08-20,53.07,53.41,52.79,53.17,52401
2013-08-19,53.04,53.39,52.6,52.83,59885
2013-08-16,52.11,53.15,52.11,52.78,44021
2013-08-15,53.49,53.72,52.27,52.41,31341
2013-08-14,53.84,54.24,53.43,54.19,46822
2013-08-13,54.99,54.99,53.5,53.82,41837
2013-08-12,53.6,54.95,53.38,54.75,74414
2013-08-09,54.11,54.55,53.7,53.99,46754
2013-08-08,54.48,54.67,54.1,54.4,48223
2013-08-07,54.21,54.48,53.86,54.13,56053
2013-08-06,54.73,55,53.95,54.53,46070
2013-08-05,55,55.31,54.4,55.03,58721
2013-08-02,55.7,56,54.88,55.21,74287
2013-08-01,56.02,56.23,55.34,56,244470
2013-07-31,53.04,56,53.04,55.62,290082
2013-07-30,52.81,53.15,52.33,52.7,150033
2013-07-29,53.28,53.54,52.31,52.47,81426
2013-07-26,52.81,53.46,52.73,53.31,64051
2013-07-25,52.04,53.39,51.97,53.27,164527
2013-07-24,52.41,52.51,51.8,52.25,28963
2013-07-23,52.15,52.36,51.42,52.18,42282
2013-07-22,51.28,52.24,51.28,52.01,32784
2013-07-19,51.03,51.55,50.75,51.39,50362
2013-07-18,51.07,51.78,51.05,51.26,43080
2013-07-17,50.92,51.55,50.63,51.07,117604
2013-07-16,50.62,50.8,50.22,50.6,67833
2013-07-15,50.4,51.24,50.23,50.9,194378
2013-07-12,49.14,50.9,49.1,50.49,168822
2013-07-11,49.26,49.41,48.47,49.24,153687
2013-07-10,47.89,48.8,47.59,48.79,144148
2013-07-09,47.76,48.03,47.57,47.77,193735
2013-07-08,47.86,48.15,47.59,47.75,64261
2013-07-05,47.81,47.99,47.27,47.8,44423
2013-07-03,47.37,47.73,47.02,47.34,46686
2013-07-02,47.17,47.76,46.9,47.76,32843
2013-07-01,47.52,48.14,47.1,47.32,65167
2013-06-28,46.3,48.01,46.3,47.32,107368
2013-06-27,46.45,46.72,46.27,46.56,37103
2013-06-26,46.49,46.55,45.81,46.06,57717
2013-06-25,45.61,46.26,45.3,46.2,67727
2013-06-24,45.8,46.03,45.17,45.26,127902
2013-06-21,46.88,47.02,46.21,46.4,158246
2013-06-20,47.11,47.27,46.43,46.69,42356
2013-06-19,47.47,48.8,47.47,48.04,35798
2013-06-18,47.8,48.8,47.58,48.47,84478
2013-06-17,47.19,47.68,46.17,47.67,193985
2013-06-14,48.3,48.38,47.12,47.38,33739
2013-06-13,47.85,48.47,47.74,48.29,31691
2013-06-12,48.64,48.64,47.73,47.99,44091
2013-06-11,47.68,48.79,47.68,48.41,48344
2013-06-10,48.37,48.46,48.08,48.41,37868
2013-06-07,48.29,48.39,47.97,48.3,31666
2013-06-06,47.99,48.2,47.78,48.2,79753
2013-06-05,47.68,48.13,47.16,47.98,74577
2013-06-04,48,48.46,47.5,48,132863
2013-06-03,46.13,48,46.13,47.97,137669
2013-05-31,46.75,46.75,45,46.27,130837
2013-05-30,46.53,47.66,46.48,47.27,81148
2013-05-29,46.07,46.84,45.83,46.65,35663
2013-05-28,46.86,46.99,46.2,46.55,95386
2013-05-24,45.78,46.3,45.38,46.22,26482
2013-05-23,44.96,46.14,44.96,46.05,104951
2013-05-22,47.27,47.27,45.22,45.54,44297
2013-05-21,46.8,47.24,46.55,46.94,50256
2013-05-20,47.28,47.59,46.41,46.96,88877
2013-05-17,47.37,47.59,47.11,47.57,78780
2013-05-16,46.26,47.54,46.16,46.99,171238
2013-05-15,45,46.29,44.6,46.27,156353
2013-05-14,44.84,45.14,44.51,45.07,44189
2013-05-13,45.06,45.3,44.35,44.65,46339
2013-05-10,44.77,45.68,44.64,45.18,162886
2013-05-09,45.18,45.37,44.29,44.56,48670
2013-05-08,44.67,45.25,44.64,45.12,57076
2013-05-07,44.64,45.05,44.39,44.76,211613
2013-05-06,44.28,44.95,44.19,44.54,60574
2013-05-03,43.22,44.96,43.22,44.13,177059
2013-05-02,41.78,43.31,41.44,42.76,86493
2013-05-01,42.72,43.81,41.33,41.41,284097
2013-04-30,42.43,43,42.12,42.64,78093
2013-04-29,42.01,42.32,41.97,42.16,50560
2013-04-26,42.29,42.29,41.63,41.73,36094
2013-04-25,42.34,42.79,42.02,42.53,29785
2013-04-24,42,42.56,41.76,42.11,42703
2013-04-23,40.94,42.08,40.86,42.01,64257
2013-04-22,41.29,41.29,40.02,40.58,82858
2013-04-19,41.28,42,40.74,41.2,156105
2013-04-18,39.23,41.77,37.2,41.29,220883
2013-04-17,43.57,43.68,42.53,42.83,45877
2013-04-16,43.32,44.02,42.62,43.84,58707
2013-04-15,45.03,45.03,42.61,43.09,59227
2013-04-12,45.8,45.89,45.25,45.38,30699
2013-04-11,46.16,46.57,45.92,46.02,27373
2013-04-10,46.12,46.62,45.9,46.33,44530
2013-04-09,47.35,47.83,45.86,45.92,46939
2013-04-08,46.35,47.25,45.86,47.11,47352
2013-04-05,45.81,46.9,45.81,46.28,28896
2013-04-04,45.16,46.93,45.16,46.79,46976
2013-04-03,45.9,46.25,45.1,45.25,48249
2013-04-02,47,47,45.56,45.87,37230
2013-04-01,47.61,47.61,46.22,46.63,51152
2013-03-28,48.12,48.12,47.44,47.62,39015
2013-03-27,48.29,48.31,47.8,47.98,26430
2013-03-26,48.36,48.56,47.68,48.52,48155
2013-03-25,47.78,48.72,47.67,48.19,41994
2013-03-22,47.62,48,47,47.76,42426
2013-03-21,48.06,48.39,47.36,47.56,35279
2013-03-20,48.31,48.52,47.65,48.52,33637
2013-03-19,48.46,48.79,47.64,48.01,37667
2013-03-18,48.2,48.61,48.2,48.46,37721
2013-03-15,48.97,49.46,48.65,48.8,138625
2013-03-14,48.28,49.26,48.1,49.21,79905
2013-03-13,48.82,48.96,48.09,48.28,63484
2013-03-12,49,49.11,48.73,48.85,20875
2013-03-11,48.75,49.08,48.52,48.98,38781
2013-03-08,49,49.05,48.13,48.77,61733
2013-03-07,49.86,49.99,48.2,48.51,63786
2013-03-06,49.76,50.17,49.54,49.94,59564
2013-03-05,47.99,49.78,47.93,49.43,114811
2013-03-04,47.42,48.18,46.9,47.79,65668
2013-03-01,47.22,47.9,46.77,47.68,54032
2013-02-28,47.31,48.11,47.3,47.71,40441
2013-02-27,46.66,48.09,46.42,47.53,110265
2013-02-26,47.44,47.79,47.14,47.37,74281
2013-02-25,48.71,49.16,47,47.03,85517
2013-02-22,47.41,48.45,47.41,48.33,86857
2013-02-21,46.62,47.57,46.43,47.31,100624
2013-02-20,49,49.19,46.32,46.35,184145
2013-02-19,47.14,48.89,47.14,48.6,205056
2013-02-15,47.6,47.71,46.71,47.1,153040
2013-02-14,47.64,47.99,47.4,47.65,120243
2013-02-13,48.38,48.52,47.61,47.74,71424
2013-02-12,47.27,48.43,47.27,48.18,106112
2013-02-11,47.24,47.37,46.78,47.08,37993
2013-02-08,47.03,47.64,47.03,47.39,50352
2013-02-07,47.2,47.26,46.72,47.04,63653
2013-02-06,47.48,47.63,47,47.1,78151
2013-02-05,47.11,48.23,46.89,47.84,73955
2013-02-04,46.85,47.07,46.67,46.8,106916
2013-02-01,47.2,47.56,46.53,47.23,170852
2013-01-31,46.82,47.06,46.66,46.86,68669
2013-01-30,47.69,47.69,46.66,46.86,82036
2013-01-29,48.24,48.58,46.35,47.69,613376
2013-01-28,51.66,51.96,51.36,51.67,49005
2013-01-25,50.67,51.91,50.67,51.58,68846
2013-01-24,50.01,50.83,49.78,50.55,114918
2013-01-23,50,50.25,49.77,49.96,69942
2013-01-22,50.05,50.05,49.72,49.99,73706
2013-01-18,50.21,50.21,49.64,49.89,77395
2013-01-17,49.89,50.3,49.65,50.1,73532
2013-01-16,50.06,50.32,49.44,49.56,106317
2013-01-15,50.1,50.72,49.83,50.29,80438
2013-01-14,49.56,50.7,49.42,50.37,147418
2013-01-11,50.48,51.15,49.57,50.19,187903
2013-01-10,51.31,51.31,49.92,50.35,172192
2013-01-09,51.56,51.62,50.89,51.14,32833
2013-01-08,51.09,51.32,50.74,51.29,35962
2013-01-07,50.79,51.52,50.67,51.11,67832
2013-01-04,51.66,51.66,50.95,51.18,75916
2013-01-03,51.27,51.65,51.16,51.34,87363
2013-01-02,50.54,51.43,49.61,51.33,173542
2012-12-31,48.16,50.09,47.91,49.66,92450
2012-12-28,48.2,48.9,47.97,48.05,35286
2012-12-27,48.17,48.9,47.91,48.85,48989
2012-12-26,48.85,48.85,47.71,48.2,39182
2012-12-24,48.7,48.89,48.35,48.83,31807
2012-12-21,47.84,48.55,47.61,48.47,141159
2012-12-20,46.72,47.74,46.72,47.6,86536
2012-12-19,46.4,47.03,46.14,46.78,94752
2012-12-18,46.34,46.52,45.94,46.34,279152
2012-12-17,46.1,46.51,45.99,46.32,61561
2012-12-14,45.67,46.45,45.38,45.97,74792
2012-12-13,45.64,46.19,45.64,45.9,52602
2012-12-12,46.05,46.48,45.51,45.73,203207
2012-12-11,45.99,46.24,45.11,46,99539
2012-12-10,45.28,46.25,45.01,46,72372
2012-12-07,45.4,45.4,44.59,45.21,29581
2012-12-06,44.83,45.47,44.42,45.08,68845
2012-12-05,45.05,45.15,44.32,44.66,42487
2012-12-04,44.69,45.05,44.15,44.91,64966
2012-12-03,44.43,44.9,43.98,44.53,50051
2012-11-30,44.4,44.6,43.89,44.43,204479
2012-11-29,42.98,44.4,42.5,44.25,59482
2012-11-28,42.3,42.84,41.72,42.67,51115
2012-11-27,42.43,43,42.26,42.47,52089
2012-11-26,41.98,42.59,41.91,42.55,49682
2012-11-23,42.15,42.51,42.05,42.13,14382
2012-11-21,41.77,42.18,41.53,42.13,19142
2012-11-20,42.16,42.16,41.4,41.78,46827
2012-11-19,41.36,42.12,41.36,42.12,36476
2012-11-16,40.1,40.93,39.23,40.81,60619
2012-11-15,40.57,40.93,40.13,40.29,50536
2012-11-14,41.01,41.01,40,40.5,68201
2012-11-13,41.29,41.49,40.68,40.88,57530
2012-11-12,41.33,41.87,41,41.59,43068
2012-11-09,41.18,41.75,40.92,41.5,124199
2012-11-08,42.01,42.2,41.13,41.25,91377
2012-11-07,42.97,43.38,41.75,41.94,129027
2012-11-06,41.98,43.99,41.98,43.76,252813
2012-11-05,40.25,42.21,40,41.9,144127
2012-11-02,40.19,40.19,39.02,39.23,31960
2012-11-01,39.59,40.22,39.3,40.04,45411
2012-10-31,39.84,40.05,38.39,39.41,38277
2012-10-26,40.03,40.66,39.84,39.92,31093
2012-10-25,39.82,40.4,39.73,40.16,29262
2012-10-24,39.94,40.06,39.36,39.6,18204
2012-10-23,39.08,39.94,39.03,39.91,25961
2012-10-22,39.42,39.68,38.86,39.49,38318
2012-10-19,40.57,40.73,38.42,39.56,82298
2012-10-18,41.79,42.38,41.06,41.07,49485
2012-10-17,42,42.11,41.65,41.95,88832
2012-10-16,42,42.19,41.44,42,39962
2012-10-15,42.16,42.16,41.69,41.8,38233
2012-10-12,42.18,42.64,41.84,41.93,48317
2012-10-11,42.28,42.52,41.93,42.29,18683
2012-10-10,42.22,42.22,41.63,41.99,18464
2012-10-09,43.33,43.43,41.91,42.03,30250
2012-10-08,43.5,43.7,43.22,43.37,28062
2012-10-05,43.44,43.8,43.28,43.6,39321
2012-10-04,43.17,43.28,42.32,43.25,38575
2012-10-03,43.5,43.5,42.69,42.9,36142
2012-10-02,43.5,43.5,42.96,43.37,41182
2012-10-01,42.72,43.59,42.72,43.27,86091
2012-09-28,42.82,43.07,42.35,42.36,38687
2012-09-27,42.72,43.23,42.44,43.1,46577
2012-09-26,43.26,43.34,42.05,42.4,46582
2012-09-25,43.95,44.53,43.26,43.26,60959
2012-09-24,43.83,44.33,43.6,43.8,46967
2012-09-21,43.5,44.4,43.32,43.95,99141
2012-09-20,43.62,43.62,43.16,43.4,28201
2012-09-19,43.8,44.55,43.55,43.98,40131
2012-09-18,43.07,44.51,43.07,44.35,47885
2012-09-17,43.81,44.05,42.87,43.2,37266
2012-09-14,44,44.36,43.58,44.22,87696
2012-09-13,42.53,44.06,42.33,44.03,97252
2012-09-12,42.84,43.03,42.16,42.38,45765
2012-09-11,43.44,43.57,42.19,42.58,68087
2012-09-10,42.12,43.77,42.04,43.28,58563
2012-09-07,41.3,42.4,40.98,42.28,45320
2012-09-06,40.42,41.32,40.03,41.08,58072
2012-09-05,40.15,40.5,39.97,40.27,40226
2012-09-04,39.41,40.42,39.04,40.09,52635
2012-08-31,39.18,40,39,39.79,43146
2012-08-30,39.21,39.43,38.91,38.91,26317
2012-08-29,39.29,39.59,39.01,39.54,17006
2012-08-28,39.05,39.62,38.85,39.32,27060
2012-08-27,39.45,39.78,38.92,39.16,15964
2012-08-24,38.45,39.37,38.45,39.26,20138
2012-08-23,39.95,39.95,38.6,38.65,17866
2012-08-22,39.7,40.01,39.31,39.97,31189
2012-08-21,39.69,40.29,39.35,39.75,48671
2012-08-20,39.94,39.94,38.95,39.48,52739
2012-08-17,40,40.27,39.87,40.17,32951
2012-08-16,39.52,40.32,39.34,40.12,37046
2012-08-15,39.59,40,39.31,39.65,47368
2012-08-14,40,40.23,39.57,39.8,83027
2012-08-13,39.96,40,39.29,40,34544
2012-08-10,39.64,40,39.59,39.92,28669
2012-08-09,40.09,40.27,39.75,39.89,45556
2012-08-08,39.86,40.24,39.59,40.19,36616
2012-08-07,39.89,40.18,39.65,40.03,59044
2012-08-06,39.54,39.99,39.24,39.64,36602
2012-08-03,39.49,40.09,38.99,39.55,85297
2012-08-02,39.52,40.4,38.79,39.09,167632
2012-08-01,36.95,41.5,36.95,40,301321
2012-07-31,35.5,35.93,34.66,35.85,111603
2012-07-30,36.55,36.59,35.58,35.72,27003
2012-07-27,35.25,36.53,35.16,36.46,53543
2012-07-26,35.4,35.6,34.78,35.16,40720
2012-07-25,35.05,35.35,34.61,34.72,43475
2012-07-24,35.84,35.94,34.66,34.78,55222
2012-07-23,35.61,36.05,35.34,35.8,40350
2012-07-20,36.6,36.6,36.01,36.24,65009
2012-07-19,37.2,37.5,36.76,36.97,78011
2012-07-18,36.81,37.18,35.74,37.14,122096
2012-07-17,36.83,37.31,36.23,36.98,82897
2012-07-16,37.64,37.64,35.83,36.52,158386
2012-07-13,38.67,38.76,37.41,37.64,84057
2012-07-12,39.17,39.17,38.12,38.46,75917
2012-07-11,39.88,40.06,39.31,39.47,28096
2012-07-10,40.64,40.7,39.52,39.69,28263
2012-07-09,40.42,40.52,40.08,40.34,45451
2012-07-06,40.31,40.76,40.25,40.52,66515
2012-07-05,40.41,40.88,40.41,40.81,44904
2012-07-03,39.9,40.66,39.76,40.62,88893
2012-07-02,39.69,39.93,39.37,39.9,102697
2012-06-29,39.44,39.77,39,39.61,149476
2012-06-28,38.44,38.75,37.74,38.57,65198
2012-06-27,39.11,39.11,38.71,38.85,55978
2012-06-26,38.93,39.16,38.44,38.88,72682
2012-06-25,38.91,39.35,38.76,38.92,36616
2012-06-22,40.13,40.29,39.41,39.57,178590
2012-06-21,40.22,40.52,39.72,39.96,145116
2012-06-20,40.4,40.74,40.03,40.37,40820
2012-06-19,39.13,40.62,38.98,40.55,104693
2012-06-18,38.62,39.41,38.4,39.07,60201
2012-06-15,38.76,39.23,38.35,38.88,87632
2012-06-14,38.31,38.89,38.11,38.81,33458
2012-06-13,38.61,38.98,38.07,38.37,35386
2012-06-12,38.83,38.83,38.19,38.77,32589
2012-06-11,40.43,40.56,38.46,38.55,42116
2012-06-08,38.99,40.3,38.83,39.99,53426
2012-06-07,39.89,40.1,38.97,39.09,49995
2012-06-06,38.96,39.48,38.8,39.22,64146
2012-06-05,38.25,38.83,38.25,38.69,34878
2012-06-04,39.27,39.49,38.21,38.57,55432
2012-06-01,38.85,40.03,38.85,39.01,119752
2012-05-31,39.99,40.61,39.9,40.31,70604
2012-05-30,40,40.17,39.71,40,115691
2012-05-29,39.8,40.54,39.58,40.54,85331
2012-05-25,39.5,40.09,39.2,39.76,69189
2012-05-24,39.25,39.49,38.56,39.48,87661
2012-05-23,38.65,39.48,38.41,39.35,75378
2012-05-22,39.16,39.24,38.95,39.12,71419
2012-05-21,38.91,39.47,38.62,39.22,104515
2012-05-18,38.9,39.72,38.35,38.72,112138
2012-05-17,38.95,39.61,38.84,38.94,93107
2012-05-16,39.25,39.57,38.96,39.05,78583
2012-05-15,39.03,39.74,38.72,39.13,68444
2012-05-14,38.94,39.57,38.56,39.12,108429
2012-05-11,38.96,39.7,38.81,39.44,97719
2012-05-10,39.39,39.68,38.9,39.19,86209
2012-05-09,39.38,39.55,38.6,38.96,69002
2012-05-08,38.93,39.58,38.82,39.38,61800
2012-05-07,38.77,39.55,38.7,39.3,85251
2012-05-04,38.88,39.53,38.58,38.99,96102
2012-05-03,40.14,40.28,38.85,39.35,152459
2012-05-02,36.76,41.24,36.76,40.31,270596
2012-05-01,38.13,38.89,37.09,37.22,75904
2012-04-30,38.29,38.43,37.99,38.29,47220
2012-04-27,38.14,38.57,37.58,38.43,42361
2012-04-26,37.74,38.29,37.61,38.09,55173
2012-04-25,37.46,38.16,37.25,37.63,48568
2012-04-24,36.24,36.9,36.19,36.85,43224
2012-04-23,36.27,36.43,35.87,36.31,48239
2012-04-20,37.28,37.63,36.9,37,36616
2012-04-19,37.15,37.5,36.5,36.78,49491
2012-04-18,37.67,37.82,36.84,37.12,43044
2012-04-17,37.86,38.38,37.62,38.01,61137
2012-04-16,37.65,37.91,37.11,37.46,21084
2012-04-13,37.95,38.1,37.18,37.45,47998
2012-04-12,37.74,38.77,37.74,38.2,39697
2012-04-11,37.36,37.68,37.18,37.66,53912
2012-04-10,36.91,37.18,36.52,36.87,76659
2012-04-09,37.03,37.23,36.96,37.1,57195
2012-04-05,37.16,38.05,37.05,37.81,56114
2012-04-04,37.68,38.09,36.92,37.54,111489
2012-04-03,39.35,39.48,38.13,38.25,99093
2012-04-02,38.68,39.75,38.29,39.39,100657
2012-03-30,39.03,39.03,38.73,38.75,39882
2012-03-29,38.44,39.09,38.35,38.66,83890
2012-03-28,38.37,38.86,38.2,38.85,57465
2012-03-27,38.57,38.81,38.22,38.25,70571
2012-03-26,38.23,38.86,38.07,38.65,131240
2012-03-23,38.14,38.14,37.62,37.94,72156
2012-03-22,38.22,38.26,37.49,38.05,33851
2012-03-21,38.88,39.16,38.49,38.82,39273
2012-03-20,39.12,39.36,38.54,38.73,41420
2012-03-19,38.93,40,38.71,39.56,77287
2012-03-16,39.26,39.37,38.85,38.96,81928
2012-03-15,38.98,39.27,38.58,39.18,60685
2012-03-14,38.68,39.22,38.47,38.97,106413
2012-03-13,38.57,38.9,38.38,38.87,76924
2012-03-12,37.5,38.14,37.38,38.1,56245
2012-03-09,36.48,37.59,36.43,37.43,99995
2012-03-08,35.97,37,35.97,36.56,88582
2012-03-07,35.19,35.73,34.92,35.64,48113
2012-03-06,35.42,35.87,34.7,35.02,89883
2012-03-05,36.5,36.61,35.8,35.91,67733
2012-03-02,37.41,37.55,36.47,36.5,83049
2012-03-01,37.36,37.75,37.15,37.35,70152
2012-02-29,38.75,39.35,37.09,37.09,145301
2012-02-28,39.26,39.31,38.45,38.71,44491
2012-02-27,39.03,39.43,38.26,39.29,53945
2012-02-24,39.55,39.56,39.27,39.41,44271
2012-02-23,39.51,39.74,39.02,39.45,125470
2012-02-22,39.73,40.05,39.21,39.35,126091
2012-02-21,40.67,41.12,38.75,39.79,214699
2012-02-17,41.04,41.24,39.79,40.4,271379
2012-02-16,40.71,42.29,40.71,41.88,64852
2012-02-15,40.41,41.2,40.11,40.61,54588
2012-02-14,41.08,41.1,40.12,40.76,47695
2012-02-13,41.14,41.38,40.79,41.31,45044
2012-02-10,40.71,40.92,40.33,40.52,44199
2012-02-09,41.67,41.79,41.21,41.27,25518
2012-02-08,41.52,41.76,40.93,41.53,84128
2012-02-07,41.53,41.83,40.85,41.31,70233
2012-02-06,41.02,41.99,40.74,41.72,95993
2012-02-03,40.27,41.47,40.1,41.36,175330
2012-02-02,39.69,40.01,39.61,39.66,55784
2012-02-01,38.79,40.06,38.31,39.71,115651
2012-01-31,38.38,38.59,37.65,38.43,70591
2012-01-30,37.79,38.39,37.61,38.01,89067
2012-01-27,38.08,38.51,37.99,38.25,46305
2012-01-26,38.99,39.08,37.95,38.28,101406
2012-01-25,37.84,38.91,37.41,38.71,122902
2012-01-24,37.55,38.1,37.55,38,49504
2012-01-23,38.72,39.01,37.86,37.87,91268
2012-01-20,37.95,39.08,37.83,38.8,118754
2012-01-19,37.28,38.45,37.11,37.98,113699
2012-01-18,35.95,37.27,35.59,37.15,90338
2012-01-17,36.17,36.28,35.57,35.84,88875
2012-01-13,35.73,35.88,35.35,35.78,88518
2012-01-12,35.43,36.29,35.11,36.21,49892
2012-01-11,34.67,35.52,34.47,35.27,64307
2012-01-10,34.81,34.95,34.35,34.83,84404
2012-01-09,34.91,35.05,34.15,34.34,102627
2012-01-06,33.9,35.44,33.14,34.8,291296
2012-01-05,33.08,34.85,32.19,33.66,656484
2012-01-04,37.89,37.91,35.81,36.08,204823
2012-01-03,38.58,38.58,37.74,38.2,127384
2011-12-30,37.27,37.49,36.85,36.86,60008
2011-12-29,36.97,37.76,36.97,37.31,53688
2011-12-28,37.89,37.9,36.66,36.81,75805
2011-12-27,37.95,38.25,37.65,37.95,46886
2011-12-23,38.63,38.63,37.95,38.23,37850
2011-12-22,38.45,38.82,38.25,38.41,52510
2011-12-21,38.59,39.15,37.38,38.19,76121
2011-12-20,38.76,38.76,38.12,38.39,137929
2011-12-19,39.5,39.5,37.65,37.78,47966
2011-12-16,39.26,40.88,38.92,39.3,186936
2011-12-15,39.13,39.41,38.41,38.78,115572
2011-12-14,38.95,39.46,38.51,38.6,109622
2011-12-13,40.16,40.44,39.03,39.22,86481
2011-12-12,40.17,40.2,39.23,39.7,105244
2011-12-09,40.08,41.49,39.78,40.92,93625
2011-12-08,40.5,40.73,39.76,39.86,82847
2011-12-07,40.77,41.07,40.13,40.88,107925
2011-12-06,41.27,41.35,40.53,40.77,75069
2011-12-05,40.87,41.94,40.65,41.1,95131
2011-12-02,39.59,40.27,39.45,39.88,78926
2011-12-01,39.69,39.92,38.87,38.87,72091
2011-11-30,38.49,40.21,38.3,39.7,155421
2011-11-29,37.82,37.82,36.86,36.93,102670
2011-11-28,37.32,37.84,37.19,37.7,80713
2011-11-25,36.25,36.63,35.88,35.88,33659
2011-11-23,37.23,37.23,36.37,36.41,56922
2011-11-22,38.36,38.7,37.69,37.73,27376
2011-11-21,38.55,38.58,37.73,38.44,68909
2011-11-18,39.65,40.25,39.2,39.41,72809
2011-11-17,39.7,39.83,39.05,39.57,169873
2011-11-16,40.62,40.78,39.44,39.74,112480
2011-11-15,39.87,41.32,39.87,41.02,58532
2011-11-14,41.04,41.07,39.9,40.1,71464
2011-11-11,41.22,41.73,40.92,41.1,50422
2011-11-10,40.83,41,40.1,40.71,83089
2011-11-09,40.67,40.86,39.81,40,185295
2011-11-08,41.82,42.06,41.21,41.76,137521
2011-11-07,41.79,41.93,40.93,41.52,164718
2011-11-04,41.69,41.97,41.24,41.78,84827
2011-11-03,41.08,42.5,39.78,42.06,178302
2011-11-02,39.94,40.51,39.44,40.37,219304
2011-11-01,39.55,40,36.84,39.17,776401
2011-10-31,43.94,45.33,43.16,43.17,197809
2011-10-28,45.1,45.25,44.39,44.62,75197
2011-10-27,44.88,45.22,44.25,44.86,143248
2011-10-26,42.08,43.4,41.7,43.05,136400
2011-10-25,43.39,43.39,41.04,41.19,52410
2011-10-24,41.38,44.59,41.38,43.62,132008
2011-10-21,41.17,41.77,40.64,41.27,65723
2011-10-20,41.01,41.09,39.51,40.65,57477
2011-10-19,41.15,41.68,40.71,41,85264
2011-10-18,40.85,41.64,40.25,41.36,74481
2011-10-17,41.8,42.05,40.54,40.8,101945
2011-10-14,41.82,42.86,41.62,42.03,57867
2011-10-13,41.18,41.81,40.96,41.57,35038
2011-10-12,41.3,42.25,41.08,41.57,58085
2011-10-11,41.6,41.81,40.47,40.94,69865
2011-10-10,41.36,41.73,40.69,41.65,79498
2011-10-07,41.73,41.73,39.87,40.33,94599
2011-10-06,40.25,41.57,40.04,41.48,81004
2011-10-05,40.24,40.51,39.29,40.28,76003
2011-10-04,36.94,40.34,36.39,40.13,145537
2011-10-03,38.73,39.43,36.77,37.05,176545
2011-09-30,39.72,40.19,39.1,39.13,226271
2011-09-29,41.61,41.98,38.39,40.55,202268
2011-09-28,43.64,43.64,40.66,40.7,116788
2011-09-27,44.3,45.01,43.12,43.67,261902
2011-09-26,43.27,43.35,42.12,42.87,76465
2011-09-23,42.76,43.74,41.91,42.82,114589
2011-09-22,42.83,43.94,42.24,42.84,119880
2011-09-21,46.67,47.24,44.5,44.52,68203
2011-09-20,47.74,48.43,46.79,46.86,100911
2011-09-19,47.88,48.33,46.83,47.64,96308
2011-09-16,49.63,50.38,48.75,49.16,86778
2011-09-15,48.31,49.5,47.51,49.3,66490
2011-09-14,48.11,48.69,47.07,48.12,149932
2011-09-13,46.34,47.84,45.54,47.45,197359
2011-09-12,45.62,47.21,44.63,46.26,176087
2011-09-09,47.55,48.39,45.91,46.57,84946
2011-09-08,48.24,49.23,47.88,48.6,80878
2011-09-07,47.46,48.74,47.23,48.61,96661
2011-09-06,46,46.84,45.44,46.74,111776
2011-09-02,48.36,48.72,47.31,47.5,147386
2011-09-01,49.97,51.19,49.07,49.67,215837
2011-08-31,50.52,50.91,49.13,49.87,135418
2011-08-30,48.9,50.68,48.21,50.27,138581
2011-08-29,47.13,50.07,47.13,49.2,100121
2011-08-26,45.37,46.78,44.34,46.63,43395
2011-08-25,47.19,47.44,45.47,45.75,50755
2011-08-24,45.92,47.16,45.88,46.77,51232
2011-08-23,43.76,45.92,43.76,45.82,66469
2011-08-22,44.24,44.44,42.94,43.61,93638
2011-08-19,43.42,45.34,43,43.15,97600
2011-08-18,45.13,45.8,43.78,44.3,119849
2011-08-17,47.78,49.27,47.28,47.6,61322
2011-08-16,47.74,47.96,46.97,47.46,63880
2011-08-15,46.88,48.53,46.82,48.5,52956
2011-08-12,47.01,47.62,45.69,46.55,92403
2011-08-11,45.12,47.93,44.18,46.78,137492
2011-08-10,47.52,47.52,44.63,44.84,200678
2011-08-09,46.19,48.63,44.17,48.39,316262
2011-08-08,48.38,48.76,44.17,45.29,413964
2011-08-05,49.8,50.61,48.25,48.7,198315
2011-08-04,51.41,51.95,48.9,49,187843
2011-08-03,50.73,52.44,50.42,51.9,212099
2011-08-02,47.84,51,47.53,50.89,300196
2011-08-01,49.3,49.3,47.7,48.02,194742
2011-07-29,48.98,49.08,47.94,48.48,83202
2011-07-28,49.05,49.56,48.66,48.98,69178
2011-07-27,48.92,49.22,48.54,49,78552
2011-07-26,49.19,49.35,48.91,49.28,66134
2011-07-25,48.62,49.44,48.55,49.16,56018
2011-07-22,48.9,49.36,48.26,49.27,27629
2011-07-21,48.68,49.15,48.13,48.88,50615
2011-07-20,48.37,48.6,47.66,48.5,66274
2011-07-19,47.48,48.36,47.01,48.33,51584
2011-07-18,47.6,47.66,46.83,47.05,51588
2011-07-15,47.39,47.85,47.39,47.77,60031
2011-07-14,47.45,47.84,47.1,47.24,68624
2011-07-13,47.18,47.93,47.1,47.48,33949
2011-07-12,47.35,47.64,46.74,46.9,50601
2011-07-11,47.31,47.79,46.92,47.49,52803
2011-07-08,47.44,48.32,47.29,48.06,63385
2011-07-07,48.37,48.99,48.04,48.2,71802
2011-07-06,47.68,47.9,47.31,47.75,50449
2011-07-05,46.15,48.01,46.15,47.75,80260
2011-07-01,46.38,46.55,45.93,46.11,134661
2011-06-30,46.11,46.33,45.8,46.2,75540
2011-06-29,45.97,46.06,45.56,45.83,24415
2011-06-28,45.33,45.79,45.2,45.7,27240
2011-06-27,45.06,45.76,44.8,45.03,52471
2011-06-24,45.73,45.77,44.81,45,128592
2011-06-23,44.51,45.93,44.21,45.63,43503
2011-06-22,45.67,45.94,45.25,45.27,35253
2011-06-21,45.3,46.08,45.05,45.92,32653
2011-06-20,44.63,45.16,44.61,45.04,136195
2011-06-17,45.11,45.21,44.72,45.01,100292
2011-06-16,43.92,44.87,43.82,44.7,55578
2011-06-15,43.64,44.03,43.45,43.83,50997
2011-06-14,43.02,44.9,43.02,44.24,76820
2011-06-13,43.18,43.43,42.57,42.59,61237
2011-06-10,43.7,43.7,42.56,43.09,100564
2011-06-09,44,44.75,43.51,43.97,46062
2011-06-08,44.51,44.62,43.77,43.94,85840
2011-06-07,44.87,45.2,44.61,44.68,35311
2011-06-06,45.01,45.13,44.48,44.53,68675
2011-06-03,45.04,45.34,44.95,45.14,71263
2011-06-02,45,46,44.7,45.69,49156
2011-06-01,46.87,46.97,44.79,44.88,49447
2011-05-31,46.73,46.97,46.28,46.93,72011
2011-05-27,46.08,47.1,45.9,46.25,31573
2011-05-26,45.49,46.18,45,45.98,39923
2011-05-25,45,45.62,44.75,45.53,39104
2011-05-24,45.63,45.74,44.87,45,67250
2011-05-23,45.61,45.7,45.33,45.34,40508
2011-05-20,46.7,46.7,46.3,46.43,111180
2011-05-19,47.73,47.73,46.85,47.01,59934
2011-05-18,46.12,47.75,45.91,47.49,84693
2011-05-17,46.41,46.41,45.44,45.85,70381
2011-05-16,47.08,47.6,46.69,46.77,95969
2011-05-13,47.88,47.98,47.4,47.54,88008
2011-05-12,46.69,47.98,46.64,47.89,165996
2011-05-11,46.79,46.96,46.5,46.79,88641
2011-05-10,46.22,47.18,46.19,47.08,91068
2011-05-09,46.15,46.37,45.68,46.22,104539
2011-05-06,47.64,47.64,46.31,46.43,139116
2011-05-05,46.32,48,46.15,46.91,117775
2011-05-04,46.7,47.44,46.51,46.79,176602
2011-05-03,42.91,47.18,42.91,46.8,293393
2011-05-02,41.59,42.69,41.43,42.37,109553
2011-04-29,41.31,41.81,41,41.52,29974
2011-04-28,41.7,41.77,40.97,41.36,45600
2011-04-27,42.1,42.15,41.63,41.89,36647
2011-04-26,41.61,42.73,41.38,42.18,59765
2011-04-25,41.41,41.64,41.17,41.39,15177
2011-04-21,41.3,41.67,40.89,41.66,49019
2011-04-20,41.05,41.74,40.82,41.3,59998
2011-04-19,40.96,41.11,39.96,40.42,34626
2011-04-18,41.01,41.01,40.27,40.74,59825
2011-04-15,41.25,41.96,40.75,41.77,92178
2011-04-14,40.12,41.36,40.02,41.29,81819
2011-04-13,41.59,41.76,40.04,40.57,205722
2011-04-12,43.11,43.11,42.12,42.34,93347
2011-04-11,43.74,44.35,42.78,43.33,44044
2011-04-08,44.72,44.72,43.5,43.77,31259
2011-04-07,45.06,45.15,44.21,44.44,32889
2011-04-06,44.8,45.26,44.71,45.03,28046
2011-04-05,44.76,44.96,44.54,44.73,58405
2011-04-04,44.85,45.1,44.38,44.76,54914
2011-04-01,45.38,45.79,44.68,44.84,45618
2011-03-31,44.5,45.12,44.38,45.06,38136
2011-03-30,45.3,45.3,44.44,44.48,57071
2011-03-29,44.38,45.05,44.15,44.97,37921
2011-03-28,45.16,45.21,44.34,44.44,19787
2011-03-25,45.7,45.77,44.85,44.98,79323
2011-03-24,45.38,45.78,44.51,45.44,38928
2011-03-23,44.39,45.45,43.88,45.09,34770
2011-03-22,45.7,45.7,44.56,44.56,25666
2011-03-21,44.53,45.98,44.38,45.7,66587
2011-03-18,43.91,44.32,43.62,44.04,76289
2011-03-17,44.15,44.15,43.48,43.5,54496
2011-03-16,45.16,45.16,43.43,43.49,126651
2011-03-15,44.52,45.57,43.86,45.24,82986
2011-03-14,45.46,46.02,44.94,45.94,65892
2011-03-11,45.07,46.43,45.03,45.9,99131
2011-03-10,44.55,46.14,44.3,45.33,185683
2011-03-09,45.2,45.43,44.59,45.3,83215
2011-03-08,44.4,45.8,43.8,45.29,49708
2011-03-07,46.24,46.49,43.86,44.44,66641
2011-03-04,46.87,47.03,45.21,46.17,58667
2011-03-03,46.4,47.5,46.16,46.78,127767
2011-03-02,45.48,46.5,44.97,45.86,66667
2011-03-01,47.17,47.31,45.29,45.62,67619
2011-02-28,47.61,47.99,46.47,47.16,67771
2011-02-25,45.86,47.35,45.46,47.28,80805
2011-02-24,45.63,46.22,44.79,45.54,91699
2011-02-23,46.24,46.48,45.44,45.53,162483
2011-02-22,46.45,47.38,46.11,46.33,137949
2011-02-18,44.4,47.84,44.4,46.9,475149
2011-02-17,42.37,43.28,42.04,43.08,217329
2011-02-16,43.44,43.69,42.25,42.35,164641
2011-02-15,44.27,44.91,43.24,43.36,138019
2011-02-14,45.16,45.61,43.96,44.4,130578
2011-02-11,44.79,45.57,44.79,45.1,60760
2011-02-10,44.31,45.22,44.25,45.16,65085
2011-02-09,44.84,45.11,44,44.62,38736
2011-02-08,44.9,45.37,44.6,45.17,30732
2011-02-07,44.29,45.31,44.04,44.86,78144
2011-02-04,44.34,44.48,43.79,44.31,34705
2011-02-03,44.58,44.6,43.61,44.47,37028
2011-02-02,43.91,44.78,43.91,44.51,37818
2011-02-01,43.07,44.27,42.9,44.13,58741
2011-01-31,42.57,42.98,41.74,42.78,110534
2011-01-28,42.86,42.86,41.8,42.31,88541
2011-01-27,43.14,43.28,42.18,42.88,39163
2011-01-26,42.1,44,41.99,43.14,100197
2011-01-25,40.77,42.05,40.57,42.01,55053
2011-01-24,40.34,41.16,40.19,41.04,37159
2011-01-21,41.09,41.09,40.34,40.43,107350
2011-01-20,41.07,41.37,40.23,40.56,100362
2011-01-19,42.1,42.31,41.08,41.49,86912
2011-01-18,41.72,42.38,41.59,42.24,71634
2011-01-14,41.9,42.34,41.42,42.05,193997
2011-01-13,41.6,41.89,41.27,41.89,88935
2011-01-12,41.36,42.22,41.13,41.56,117492
2011-01-11,41.31,41.45,40.73,40.88,51772
2011-01-10,41.17,41.35,40.28,41.15,78499
2011-01-07,40.78,41.3,40.22,41.17,80435
2011-01-06,40.81,41.46,40.47,40.63,84242
2011-01-05,40.01,41,39.95,40.84,94852
2011-01-04,40.09,40.37,38.91,39.98,104587
2011-01-03,39.41,40.88,39.41,40,204994
2010-12-31,38.16,38.33,38.04,38.25,68558
2010-12-30,38.15,38.37,38.1,38.21,77387
2010-12-29,38.12,38.4,37.89,38.26,106531
2010-12-28,37.89,38.25,37.75,37.93,45871
2010-12-27,37.37,37.89,37.35,37.88,32955
2010-12-23,37.34,37.63,37.34,37.45,28224
2010-12-22,37.25,37.55,37.18,37.35,60193
2010-12-21,36.16,37.08,36.11,37.05,79636
2010-12-20,36.36,36.5,35.78,35.88,77131
2010-12-17,36.67,36.67,35.8,36.27,211489
2010-12-16,35.91,36.96,35.71,36.67,57559
2010-12-15,35.45,36.39,35.26,35.78,54347
2010-12-14,35.31,35.58,34.93,35.44,34870
2010-12-13,35.69,35.83,35.01,35.05,42647
2010-12-10,35.1,35.72,34.64,35.54,46859
2010-12-09,35.49,35.49,34.84,35.09,37164
2010-12-08,35.21,35.46,35.01,35.12,34024
2010-12-07,35,35.63,34.64,35.08,61716
2010-12-06,34.73,34.85,34.08,34.72,45824
2010-12-03,34.29,34.98,34.23,34.84,43759
2010-12-02,34.26,34.71,34.07,34.56,70403
2010-12-01,33.78,34.87,33.7,34.26,74527
2010-11-30,33.02,33.42,32.63,32.99,74069
2010-11-29,33.21,33.57,32.62,33.49,47454
2010-11-26,33.35,33.58,33.27,33.51,16258
2010-11-24,32.28,33.5,32.28,33.45,51158
2010-11-23,31.75,32.45,31.72,32.28,61220
2010-11-22,32.13,32.59,31.9,32.29,45552
2010-11-19,32.32,32.5,32,32.29,84958
2010-11-18,31.51,32.8,31.51,32.31,43631
2010-11-17,31.11,31.41,30.75,31.03,50466
2010-11-16,31.45,31.47,30.68,31.1,71088
2010-11-15,30.97,31.89,30.4,31.66,60786
2010-11-12,31.72,32.15,30.74,30.89,79295
2010-11-11,32.01,32.35,31.79,32.01,24802
2010-11-10,31.7,32.56,31.51,32.48,52502
2010-11-09,32.46,32.5,31.44,31.59,61501
2010-11-08,32.99,33.36,32.09,32.46,92362
2010-11-05,32.77,33.17,32.23,32.98,231867
2010-11-04,32.07,32.83,31.75,32.65,162851
2010-11-03,31.43,31.84,30.93,31.73,143785
2010-11-02,32.28,32.28,30.95,31.49,271393
2010-11-01,35.86,36.17,33.8,34.22,187151
2010-10-29,34.8,35.75,34.74,35.6,55785
2010-10-28,35.49,35.74,34.62,34.9,81847
2010-10-27,34.7,35.28,34.38,35.15,43897
2010-10-26,35.03,35.31,34.68,34.96,47021
2010-10-25,35.05,35.73,35.04,35.37,25512
2010-10-22,34.84,34.87,34.4,34.84,42157
2010-10-21,34.93,35.34,33.79,34.7,80661
2010-10-20,34.44,35.25,34.24,34.77,46181
2010-10-19,34.19,34.71,33.44,34.16,135738
2010-10-18,33.61,34.69,33.51,34.69,78280
2010-10-15,33.61,33.77,32.97,33.58,121573
2010-10-14,32.54,33.16,32.3,33.1,38110
2010-10-13,32.07,32.86,31.91,32.49,164475
2010-10-12,31.76,32.06,31.38,31.95,65654
2010-10-11,31.88,32.11,31.6,31.82,72498
2010-10-08,32.04,32.25,31.77,32,73805
2010-10-07,32.17,32.66,31.9,31.93,101647
2010-10-06,32.6,32.73,31.2,31.83,81066
2010-10-05,31.83,33,31.83,32.65,67138
2010-10-04,31.29,31.57,31.04,31.34,75231
2010-10-01,31.93,31.94,30.75,31.3,93322
2010-09-30,32.32,32.62,31.11,31.48,59525
2010-09-29,31.63,32.3,31.36,32.05,69261
2010-09-28,31.34,31.86,30.67,31.85,71090
2010-09-27,31.67,31.91,30.49,31.32,56569
2010-09-24,30.28,31.67,30.2,31.67,44620
2010-09-23,29.73,30.52,29.46,29.74,41388
2010-09-22,30.58,30.96,29.78,30.07,34677
2010-09-21,31.52,31.73,30.57,30.63,47148
2010-09-20,30,31.78,29.81,31.63,100183
2010-09-17,29.97,30.29,29.18,29.83,119721
2010-09-16,29.72,29.94,29.16,29.6,51427
2010-09-15,29.18,29.87,28.89,29.72,44379
2010-09-14,29.24,29.6,28.7,29.29,42452
2010-09-13,28.5,29.45,28.21,29.29,94762
2010-09-10,29,29.24,27.71,28.13,130258
2010-09-09,28.95,29.06,28.52,28.96,43542
2010-09-08,28.26,28.66,27.98,28.45,55118
2010-09-07,28.61,28.61,27.84,28.15,82562
2010-09-03,28.48,28.82,27.89,28.6,83545
2010-09-02,28.03,28.2,27.44,28.13,57279
2010-09-01,27.2,28.18,27.03,28.18,54584
2010-08-31,26.82,27.33,26.35,26.8,61944
2010-08-30,27.49,27.92,26.9,26.92,50964
